State,Facility ID,Gross Load (MWh),SO2 Mass (short tons),CO2 Mass (short tons),NOx Mass (short tons),Heat Input (mmBtu)
AL,3,9909175.25,280.447,5492459.55,1325.482,78038481.45
AL,10,1486496.0,4.784,877874.75,1128.351,14636558.775
AL,26,3724241.0,847.64,3277111.004,2318.763,39268998.175
AL,47,57840.42,3.888,37420.817,61.766,625437.879
KY,54,416889.2,1.58,306604.2,88.769,5157543.199
AL,56,1753729.47,3.261,646064.636,86.62,10871305.052
NE,59,405362.95,353.457,487057.496,399.189,4643955.627
NE,60,1224281.29,2125.891,1200502.188,967.595,11446456.991
KS,108,1747062.29,1166.489,1773082.229,1629.74,16905792.226
AZ,113,1987350.31,918.513,2272264.575,1982.254,22146886.998
AZ,116,626683.21,1.707,337870.985,23.692,5685360.904
AZ,117,2112982.33,4.894,969426.802,133.486,16312518.425
AZ,118,129391.26,0.483,95661.122,24.419,1609688.576
AZ,120,170621.92,0.502,99532.362,9.428,1674743.536
AZ,124,1343.8,0.032,1099.476,0.481,18501.683
AZ,126,856948.65,15.752,534907.985,816.497,9000847.26
SC,130,9164494.42,4638.007,9307816.625,3264.528,90719494.544
FL,136,10398419.64,3194.442,6452594.227,1465.672,79255280.689
AZ,141,163506.94,0.519,102744.69,213.28,1728862.029
AZ,147,1285009.72,2.676,530083.426,42.571,8919617.088
AZ,160,2037924.24,138.887,1483122.023,1183.104,20687363.112
OK,165,3790234.8,785.411,2153586.545,996.73,29004186.916
AR,170,175675.9,0.558,110584.027,234.077,1860793.213
AR,201,411773.43,1.153,211302.118,143.356,3555359.688
CA,260,5565914.43,11.886,2232029.142,170.414,39620474.981
TX,298,6711822.2,5591.339,7236001.664,5510.945,69044241.042
CA,302,311572.12,0.903,178692.631,11.719,3006826.752
CA,315,3450749.9,8.414,1666706.279,83.231,28045609.789
CA,330,156896.99,0.398,78757.514,3.995,1325244.62
CA,335,3299132.1,7.062,1398861.101,77.0,23538426.625
CA,341,7802.16,0.052,10258.93,3.523,172617.223
CA,350,267892.1,0.912,180731.629,10.874,3041150.07
CA,356,289166.0,1.495,296011.8,22.442,4981035.2
CA,358,2651623.48,5.871,1163167.871,63.602,19572586.158
CA,377,34333.02,0.113,31205.885,4.823,526559.94
IL,384,745535.33,2.283,450594.082,381.131,7601143.81
CA,389,1135303.48,2.836,561799.289,107.467,9453264.784
CA,399,168630.19,0.492,96077.445,14.829,1636720.768
CA,400,2637583.78,6.081,1183756.827,61.299,20269765.454
CA,404,1401486.44,3.213,627403.324,31.6,10711713.101
CA,408,1525954.38,3.216,629011.027,48.318,10718124.19
CA,422,39671.04,0.122,25260.905,3.725,425034.657
CO,469,3788310.81,8.363,1659669.426,325.552,27927150.992
CO,470,7198606.13,3204.193,7665922.752,3311.784,74470034.954
CO,492,138024.91,0.463,83711.41,58.582,1395830.645
CO,525,2726468.64,1681.693,2926078.155,754.6,28519296.394
AL,533,2534440.26,8.144,1597627.103,206.535,26881356.636
CT,544,9372.29,0.718,8382.876,15.963,107823.201
CT,546,40657.71,44.389,33863.347,30.993,461785.783
CT,562,201734.5,71.246,132970.481,133.231,2059422.92
FL,564,5501353.69,1471.678,4312814.979,3522.014,50202690.19
CT,568,3048904.13,5.93,1174019.788,62.202,19699226.567
VT,589,209141.5,0.94,329390.0,109.048,3145989.875
DE,593,266480.73,27.316,179229.62,92.368,2983442.827
DE,594,26759.28,129.114,31534.174,24.084,327035.888
MD,602,1266698.26,533.143,1351803.856,622.348,13175462.839
WA,607,290542.31,2.754,180439.16,31.46,3029270.194
FL,609,7228933.14,14.046,2777304.093,178.65,46706303.88
FL,612,10901489.39,24.435,4544079.235,1014.087,76440344.833
FL,613,6502468.86,12.996,2549149.867,194.949,42762001.34
FL,617,5812474.5,11.294,2232618.639,144.102,37542696.015
FL,619,7379332.17,13.987,2764205.72,191.131,46477490.598
FL,620,8049244.77,16.83,3333434.078,758.492,56091425.589
FL,621,6755575.33,13.668,2695219.935,164.608,45346877.241
FL,628,16848487.89,3540.548,9198521.163,3970.341,124791608.05
FL,634,6702336.9,14.909,2954585.746,755.34,49715626.003
FL,641,2521401.99,8.397,1659855.238,1444.8,27912104.48
FL,643,4271967.21,8.908,1764529.418,404.713,29691670.491
FL,645,6852304.87,616.45,3299602.131,1290.861,49804234.363
FL,663,927538.27,68.884,619128.974,522.935,10265146.029
FL,664,749021.72,1.826,361597.185,75.801,6084593.427
FL,666,188179.23,0.597,113562.25,35.103,1907073.187
FL,667,3550978.76,1505.679,3120637.11,2238.711,39780087.672
FL,673,83.8,0.0,37.895,0.045,636.873
FL,675,171090.16,0.688,134849.794,59.712,2268837.194
FL,676,1164203.41,3.884,769472.035,164.282,12947643.498
FL,683,79767.87,0.547,68637.563,37.667,1154826.476
FL,688,1498948.6,7.004,680589.296,85.135,11449612.372
FL,689,912036.0,3.293,650099.648,150.106,10939507.482
GA,703,11170637.5,7142.565,11173923.435,5684.126,108907641.603
GA,710,18066522.5,36.365,7122407.867,472.817,119848536.431
GA,728,2380876.82,7.265,1439009.569,965.684,24214103.495
OK,762,31855.07,0.088,17313.617,11.856,291345.325
IL,874,0.0,0.0,577.121,0.052,9748.448
IL,876,2483029.86,1114.284,2598742.167,394.403,24778315.316
IL,879,1570316.28,902.766,1859395.038,714.015,17728797.412
IL,889,6492060.92,2413.561,6644539.025,2079.141,63353731.803
IL,913,14372.54,0.045,8782.41,3.699,147779.306
IL,963,766988.95,264.531,820261.72,287.261,8024518.274
IL,976,767181.57,2346.465,1145738.565,425.976,11294541.923
IN,983,5556354.97,2692.619,5797298.065,5430.74,56503929.271
IN,990,3071060.53,9.488,1865493.79,972.133,31387816.285
IN,991,5418778.17,10.316,2043489.274,86.178,34385652.365
IN,994,5288495.1,3656.779,5335171.345,3561.434,51999732.641
IN,997,1581702.44,639.607,1608225.203,683.838,15333963.006
IN,1001,4718327.07,2424.195,4579260.685,4588.73,44732015.829
IN,1004,3087464.14,71.576,2990177.079,703.952,27216606.823
IN,1007,920844.42,2.854,565360.65,88.199,9514353.737
IN,1012,1641562.5,1333.172,1923790.889,1257.628,18788906.621
IN,1040,23762.82,515.609,27186.065,48.212,264988.737
IA,1082,6252607.69,6056.905,6284883.527,3932.493,59924585.631
IA,1091,1409759.41,2508.792,1444749.963,1816.786,13775301.801
IA,1104,16650.15,0.063,12479.215,7.002,209978.133
IA,1122,355253.87,26.908,277916.112,314.231,4688252.322
IA,1131,7583.01,11.21,7798.358,19.289,128129.592
IA,1167,615627.36,181.946,736839.689,819.957,7025516.593
IA,1206,6927.98,0.034,6511.8,38.6,110289.2
IA,1217,8041.47,0.037,6602.177,3.766,110847.362
KS,1230,26163.28,0.097,19179.726,38.239,322721.21
KS,1233,118567.95,0.385,76190.323,95.241,1282034.399
KS,1235,37086.57,0.123,24362.913,31.387,409898.902
KS,1239,1188051.98,2.601,515238.882,112.455,8669782.436
KS,1240,443298.5,2.136,307878.236,90.276,5168784.695
KS,1241,7279504.22,925.038,7337574.854,2699.985,69969769.458
KS,1250,1904879.16,272.415,2001379.374,1233.348,19099703.916
KS,1268,81122.89,0.312,61723.541,44.547,1038667.007
KS,1271,11711.92,0.042,8248.34,9.744,138796.403
KS,1336,87606.57,0.321,34854.311,96.983,1067698.433
KY,1353,1227103.72,30.22,697438.371,981.078,11735727.143
KY,1355,1107367.81,361.624,1162678.054,265.635,11692271.733
KY,1356,10757516.82,7747.474,10582444.154,6656.708,103142781.921
KY,1363,4949570.48,10.04,1988816.043,446.588,33465697.844
KY,1364,8288373.42,3259.141,7888022.083,5675.478,76972964.396
KY,1366,27884.25,0.088,17523.219,11.47,295734.034
KY,1378,6992352.34,14.077,2788315.348,434.022,46918813.029
KY,1379,5385903.06,11660.228,6374723.852,6178.249,60781178.247
KY,1384,539135.56,149.085,530830.088,240.801,5173769.816
LA,1391,3333297.56,20.166,2290241.582,1230.616,38537841.56
LA,1393,1608801.83,4592.114,1917858.676,1442.875,18286228.186
LA,1396,4046054.3,9.038,1790179.255,488.587,30123096.7
LA,1400,183030.73,0.588,116429.344,205.45,1959286.467
LA,1402,601429.26,1.948,385836.038,962.872,6492406.514
LA,1403,8260547.84,20.619,4084083.447,4614.718,68717791.878
LA,1416,2464104.58,7.998,1584239.115,275.88,26657835.044
LA,1417,145401.69,0.499,98840.206,159.111,1663102.861
LA,1464,278176.36,1.036,207565.196,131.198,3452127.04
ME,1507,42026.11,136.017,44175.761,43.028,518232.393
MD,1554,92188.99,332.691,119310.202,87.645,1333252.381
MD,1556,256047.38,0.875,168177.949,65.041,2794113.668
MD,1564,6611.05,101.596,12159.089,20.159,149853.059
MD,1571,779346.73,19.568,515207.683,463.638,8678400.152
MD,1572,297393.9,1.219,218294.28,168.881,3671421.71
MD,1573,457.03,0.968,517.1,1.657,6384.9
MA,1588,1337708.64,2.913,577285.229,36.884,9713953.723
MA,1595,2246310.43,4.379,866339.339,59.704,14563531.176
MA,1599,88867.9,76.817,63193.072,57.071,878246.273
MA,1660,32483.75,0.101,20037.825,2.349,323113.889
MA,1682,52713.74,0.382,33940.177,45.314,561871.236
MI,1702,676331.09,240.824,789074.466,260.532,7872226.534
MI,1710,7152318.55,4220.542,7314171.66,2533.851,69738404.785
MI,1728,22835.68,0.079,15571.507,4.874,262010.687
MI,1730,2451.09,0.01,2065.6,12.255,35010.9
MI,1733,12527090.83,2835.868,12476220.915,3824.884,118927292.214
MN,1891,109306.86,1.189,84115.178,66.798,1415413.98
MN,1893,5502945.38,578.625,5682618.346,2335.304,54229380.094
MN,1904,1834098.19,4.61,906180.375,143.856,15248168.46
MN,1912,2506403.22,5.504,1090360.779,122.175,18347374.685
MN,1915,1052113.21,557.515,1090211.399,492.607,10394871.612
MN,1927,2518530.72,5.276,1045141.675,156.951,17586494.944
MN,2038,49912.17,0.175,34318.547,15.384,580870.777
MN,2039,58015.12,0.205,40576.474,10.764,682188.959
MS,2047,595735.51,2.09,413930.766,189.794,6965205.608
MS,2049,3468306.05,10.216,2023538.044,4074.921,34082966.602
MS,2070,2200212.09,5.714,1131894.851,230.894,19043793.27
MO,2079,2829160.54,1295.239,2672598.846,806.351,27818848.22
MO,2098,73564.88,0.994,40950.366,172.464,1102688.844
MO,2103,16643809.94,39245.652,16829998.549,7255.606,160469040.183
MO,2107,3354458.13,901.887,3532883.106,3545.624,33685025.661
MO,2161,138161.22,0.781,109480.322,139.571,1837359.011
MO,2167,4979818.71,10812.986,4745547.382,10018.575,45250423.159
MO,2168,6185253.88,11289.175,6532567.832,7828.997,62290406.39
MT,2176,1918.42,0.011,1390.035,1.733,22820.626
NE,2226,26021.16,0.102,18436.7,39.084,312623.9
NE,2240,440210.16,889.276,494723.359,537.581,4856195.634
NE,2241,6133.22,0.077,5629.93,2.154,90983.509
NE,2277,814047.26,2507.016,902412.16,1939.405,8604239.769
NE,2291,1724355.03,4314.541,1737643.604,2476.684,17473256.92
NE,2292,164689.29,0.669,97923.287,129.475,2185261.149
NV,2322,136104.11,0.444,87755.335,18.671,1476606.79
NV,2330,442094.04,1.487,294576.894,326.889,4956833.677
NV,2336,3991273.74,9.284,1839079.581,372.005,30945951.538
NH,2364,180864.42,99.488,185980.62,284.332,1833682.762
NJ,2379,4217.29,0.207,4538.0,6.138,76633.0
NJ,2390,705.76,1.09,1208.3,1.235,16461.9
NJ,2393,31733.12,0.122,23464.082,8.533,394770.089
NJ,2398,2746965.3,6.147,1219081.982,172.256,20490699.743
NJ,2399,27576.95,0.082,15788.47,12.803,263845.75
NJ,2404,144303.3,0.528,93842.931,28.332,1578267.073
NJ,2406,4808500.4,11.084,2047492.067,126.929,34418876.677
NJ,2411,3351747.81,6.673,1321921.114,68.662,22225226.031
NJ,2434,71422.25,0.21,41615.554,9.237,699870.105
NM,2442,8005566.09,1813.383,7852749.907,2608.054,76537500.797
NM,2444,967891.07,1.382,586780.392,969.325,9873518.038
NM,2446,502608.49,1.543,305706.218,377.482,5144081.956
NM,2450,450210.27,1.609,318707.633,649.313,5362913.203
NM,2454,1473710.54,4.817,953967.992,810.124,16052316.263
NY,2480,20001.88,0.067,12860.012,7.898,216948.162
NY,2490,1118008.07,3.526,699343.336,410.591,11767895.166
NY,2493,2132611.0,28.734,2162204.3,926.026,36338515.9
NY,2500,2845623.8,18.922,1416319.741,429.179,23783439.849
NY,2504,210.0,3.921,223559.275,165.477,3753665.525
NY,2511,1525372.43,23.361,941456.136,830.472,15814047.61
NY,2514,969.0,0.009,1814.6,6.485,22402.2
NY,2516,2555833.29,114.43,1555544.702,701.292,26022454.491
NY,2517,392069.31,37.511,257123.157,101.267,4270867.426
NY,2521,40.0,0.0,59.6,0.215,734.0
NY,2527,665425.54,1.936,388036.305,66.151,6544486.668
NY,2539,4177827.24,12.636,2503077.651,116.059,42119085.223
NY,2594,61271.31,163.232,56824.109,64.046,706156.799
NY,2625,975500.29,33.075,566310.975,548.315,9532400.665
NY,2628,912.4,0.006,1067.584,7.286,17914.978
NY,2632,945.29,0.005,1007.219,7.766,16947.229
NY,2679,24549.1,0.083,14645.849,1.512,245657.946
NY,2682,42292.25,0.148,29155.55,28.303,490639.425
NC,2706,3954153.49,8.07,1598661.793,398.192,26895232.306
NC,2707,0.0,3.633,1176.8,8.717,14526.6
NC,2709,6596810.9,11.313,2773017.845,965.461,46646842.201
NC,2712,2390750.27,2585.819,4504462.795,3088.877,43955510.321
NC,2713,3965515.82,6.61,1639087.729,572.005,27580128.849
NC,2716,0.0,7.427,2405.6,17.822,29704.3
NC,2718,138978.99,15.539,154136.078,229.337,1502307.933
NC,2720,3950426.17,8.114,1607244.542,119.662,27044907.141
NC,2721,5735134.25,1023.025,4068163.747,2022.281,51019013.276
NC,2723,3864289.46,5.648,1612624.345,413.1,27135372.133
NC,2727,7397214.42,1421.963,5647232.47,6261.623,69991223.211
ND,2790,29532.16,0.119,23608.183,9.424,397238.131
ND,2817,3666560.42,1870.418,4141625.71,5034.124,38041987.159
ND,2823,4993387.37,1996.518,5462370.176,8253.113,50173327.191
OH,2828,10415660.46,10688.646,10120043.719,3596.168,98664486.169
OH,2832,3149522.73,5274.746,3130101.525,3921.629,30507779.116
OH,2847,394193.4,3.448,289865.7,228.668,4910313.7
OH,2866,1073076.63,324.042,1180104.483,510.429,11251958.972
OH,2869,1111697.3,5.142,789403.311,186.705,13302722.04
OH,2876,5212400.49,3297.682,5336557.04,3144.703,52013253.607
OH,2880,233591.47,0.937,185551.575,132.777,3122265.422
OK,2951,792144.41,2.865,567477.023,1047.64,9548731.991
OK,2952,1902992.01,2193.331,1674060.005,1825.489,21014559.186
OK,2953,565666.4,1.677,332344.388,228.862,5592422.21
OK,2956,2795623.1,8.835,1750019.987,1958.487,29447323.507
OK,2963,3772183.52,3188.072,3439813.224,2985.105,42724484.123
OK,2964,1161258.72,3.957,782904.114,1772.379,13192493.682
OK,2965,242123.21,0.849,168255.437,377.159,2831284.638
OK,3006,1101809.93,0.446,88154.182,142.512,9927476.327
OK,3008,104270.15,0.335,66291.221,99.454,1115030.485
PA,3096,82280.82,0.363,71984.67,13.094,1211252.344
PA,3111,3335.42,2.601,4173.2,17.078,51511.6
PA,3113,707.9,0.094,745.337,1.414,9184.829
PA,3116,413.0,0.365,585.2,2.438,7224.1
PA,3118,3136317.76,1077.722,3069606.847,995.137,29956846.153
PA,3122,1202671.92,737.539,1259350.466,619.774,12274364.697
PA,3131,1721110.74,5.318,1053069.86,515.205,17720023.248
PA,3132,19611.11,0.085,16584.803,70.672,278957.039
PA,3136,3073565.66,6416.166,3039819.772,998.64,29627852.423
PA,3138,951670.43,3.036,601388.059,347.588,10119566.461
PA,3140,2979865.37,210.452,1834804.81,1175.016,30504757.277
PA,3148,614281.72,29.231,423145.966,257.561,7119719.294
PA,3149,640313.57,429.12,528826.844,294.369,6494801.63
PA,3161,30652.09,0.161,28331.933,14.803,446142.603
PA,3168,826.5,1.098,879.8,3.151,10865.9
PA,3176,625646.86,1.458,288860.363,24.513,4860729.008
RI,3236,1203894.25,5.494,895888.625,219.826,15044626.575
SC,3250,24140.09,0.091,17983.139,14.499,285744.853
SC,3264,6185062.57,13.001,2574912.372,205.966,43323878.266
SC,3285,17468.8,0.081,16372.208,17.24,242190.101
SC,3287,782344.96,2.02,402844.327,244.438,6795623.662
SC,3295,1427856.3,4.851,958432.722,224.586,16126062.788
SC,3297,1917449.36,266.473,1790311.5,918.146,17449451.258
SC,3298,2166731.14,520.477,2210026.965,2568.644,21540248.683
SD,3338,35576.04,0.139,25226.2,34.308,426254.8
TN,3393,5494221.87,13.337,2132715.549,235.735,35883290.789
TN,3396,847648.16,348.141,901593.139,446.951,8787436.555
TN,3399,9747990.78,4074.45,10320486.05,3504.61,100801039.935
TN,3403,4308843.25,1431.31,4599323.74,1236.607,44144181.602
TN,3405,4419586.2,9.518,1884780.45,159.336,31714397.528
TN,3406,1009243.49,15.377,493125.151,108.485,8801893.268
TN,3407,2801316.27,1942.417,3199509.069,1344.036,30807749.475
TX,3439,42270.4,0.121,24081.589,2.29,405213.473
TX,3441,1117916.86,2.484,492090.867,73.531,8280358.848
TX,3443,987193.16,2.298,455106.736,60.463,7658066.885
TX,3452,936651.69,4.484,621299.69,220.549,10304476.883
TX,3453,632847.13,2.174,430517.888,315.359,7244202.187
TX,3456,3281604.63,9.204,1823136.522,1706.509,30677846.665
TX,3457,1832921.73,5.578,1104906.281,247.484,18592125.938
TX,3459,3908685.64,11.885,2354175.832,2737.657,39613130.104
TX,3460,3075441.34,9.448,1871559.045,1107.747,31492636.725
TX,3470,11608459.37,28497.819,10916618.872,4995.527,115608706.637
TX,3476,501603.96,1.522,301381.902,374.358,5071367.391
TX,3478,1191420.39,3.703,733454.707,930.535,12341716.581
TX,3482,1924611.04,5.985,1184451.075,849.23,19927084.523
TX,3484,1307457.63,4.131,815657.71,784.247,13724960.44
TX,3485,690767.61,2.133,422481.125,459.597,7108288.653
TX,3490,1200760.55,3.51,695282.479,2356.001,11699142.949
TX,3491,1627558.58,5.732,1135286.904,153.783,19103428.874
TX,3504,1105309.75,3.561,705385.243,714.903,11869253.817
TX,3507,339322.11,1.269,251395.385,518.463,4230250.784
TX,3559,117878.87,0.465,92181.948,35.74,1551187.878
TX,3576,126445.5,0.417,82501.425,40.948,1388931.525
TX,3601,1266120.58,3.909,774374.908,900.159,13030336.159
TX,3604,36797.57,0.095,18814.585,6.156,316573.817
TX,3609,234792.37,0.685,135727.828,18.028,2283906.459
TX,3611,1974945.55,6.268,1241693.703,1577.713,20893895.651
TX,3612,4711106.43,11.595,2286495.135,1676.513,38469985.753
TX,3628,509348.9,3.724,355526.22,543.285,5962696.761
TX,3631,264713.57,0.832,158443.029,25.61,2594902.815
UT,3648,282438.4,1.146,227025.851,188.685,3820166.613
VA,3775,92830.2,28.938,66784.892,72.603,1123800.885
VA,3785,2360.0,0.581,4427.5,32.746,54579.0
VA,3797,2513175.15,187.948,1419057.711,1115.972,20322837.352
VA,3804,1932251.26,4.106,813389.994,65.819,13686771.582
VA,3809,0.0,0.75,1624.589,0.218,20095.829
WA,3845,4436384.54,1161.237,4960494.358,4107.822,47296886.614
WV,3935,9188631.9,4536.782,9557749.621,4480.692,93206510.141
WV,3943,4822011.86,2372.555,4473491.507,5261.413,43601258.652
WV,3944,12130598.6,15651.218,12224897.766,4762.385,119151094.552
WV,3948,3675810.67,1193.065,3908527.621,1583.922,38158332.651
WV,3954,3803297.56,2056.626,3890891.376,1375.737,37922954.576
WI,3982,159921.97,54.057,292938.164,243.538,2809998.216
WI,3992,14051.03,0.088,12207.132,21.69,205364.962
WI,4040,8655864.38,17.529,3472198.743,285.074,58426488.737
WI,4041,4006748.9,116.091,4333165.883,1346.133,41335385.004
WI,4050,2077014.05,390.705,2288176.066,535.689,21817056.431
WI,4072,109037.28,0.393,77796.239,17.91,1309039.713
WI,4076,189363.55,0.758,149720.984,174.351,2527523.576
WI,4078,3804524.77,528.517,3262529.086,915.244,31148380.878
WY,4158,3942473.7,5500.426,4556985.869,4336.577,43449604.55
WY,4162,3050275.4,1437.369,2902136.777,2567.424,32118847.105
TX,4195,36454.75,0.567,28707.0,47.689,470180.25
TX,4266,54697.0,0.188,37249.125,22.234,626765.325
WI,4271,1378716.86,651.925,1695122.342,617.575,16162517.869
TX,4937,2462503.78,7.542,1493962.852,69.611,25138878.203
TX,4939,1608944.89,3.987,789696.177,234.474,13288085.501
OK,4940,1265950.59,4.562,901908.475,1805.095,15184987.933
NJ,5083,68600.04,0.205,40609.371,7.728,682379.897
AL,6002,16992704.5,777.201,18109178.3,5678.36,172665705.425
WV,6004,5114154.79,6987.502,5007567.61,4560.56,48806715.5
AR,6009,3754794.85,9517.233,4349899.839,3185.997,41492240.32
IL,6017,3375064.06,7421.618,3794291.578,2090.753,36177452.825
KY,6018,2456362.62,1562.314,2727244.902,1410.015,26581377.568
CO,6021,5241766.02,2005.108,5803629.565,5051.286,55335925.289
ND,6030,7778728.24,5546.22,8440756.801,4901.334,77530576.322
MI,6034,6504592.81,16792.964,6359382.314,6586.382,61448139.569
MI,6035,1100721.93,4.049,680404.629,714.123,11469987.934
KY,6041,8375444.57,4084.035,8108282.716,3027.756,79028123.801
FL,6042,6747495.01,19.569,2667977.646,202.983,44886988.827
FL,6043,8639569.81,18.256,3615411.096,480.486,60831397.905
FL,6046,103523.3,1.173,86945.0,53.603,1430473.344
LA,6055,2465494.23,3686.168,2308027.93,1388.784,26583828.215
MN,6058,32474.58,1.136,22308.155,40.63,444129.557
MS,6061,3423953.45,5.616,1112468.211,172.081,18719080.685
KS,6064,870295.98,528.17,985322.115,840.391,9885940.052
MO,6065,5346768.04,374.065,5113904.521,1310.38,48759624.981
KS,6068,6640049.91,304.413,6706627.096,2610.033,63965780.364
KY,6071,8631219.9,2832.426,7648555.397,1890.784,75615072.784
MS,6073,10757448.47,188.32,5572989.916,3049.196,79694542.173
MT,6076,11912528.99,5278.084,11992411.901,8651.761,114374125.743
NE,6077,8167303.75,20876.823,7884347.625,7182.845,75174959.625
IN,6085,1911025.58,464.298,1947620.717,1357.279,19146755.797
MN,6090,7365007.53,2635.876,7859548.082,4861.322,74955832.779
OK,6095,1077992.67,60.343,1159325.838,677.34,11080656.881
NE,6096,6491607.99,10616.325,6479756.451,4234.199,61884642.757
SD,6098,1658505.34,726.938,2094916.223,794.0,19974388.52
WY,6101,2041923.98,1802.985,2441975.826,2672.879,23283557.773
CO,6112,4142437.23,9.238,1829997.743,331.709,30793120.263
IN,6113,8930746.66,4513.634,9041528.531,3571.198,88124178.088
GA,6124,30253.0,0.991,20877.3,41.633,340582.1
IN,6137,2033134.76,2718.306,2167645.051,1116.968,21300273.375
AR,6138,2276365.06,642.987,2491950.095,2574.732,23759994.669
TX,6139,3856800.23,9495.673,4372159.174,4016.782,41687240.157
TX,6146,13025624.01,13302.532,13996318.363,9144.892,133450757.839
MO,6155,891035.75,2049.046,861520.39,367.296,8214337.932
CT,6156,34926.01,28.697,30415.273,19.766,422099.715
UT,6165,4690299.76,1940.223,4915858.398,4654.43,47912926.504
IN,6166,2990043.37,2008.286,3388565.661,1149.434,32521323.882
AZ,6177,3517072.15,125.751,4005256.629,2821.443,38229136.41
TX,6178,2851065.68,9577.27,3013749.179,2121.567,28735198.007
TX,6179,8269206.89,578.36,9248091.887,5364.089,88177903.52
TX,6180,13011882.33,8195.533,13433250.18,4373.262,123441913.275
TX,6183,1573373.95,4615.175,1972164.289,1426.175,18114837.765
LA,6190,4535779.65,3166.109,4380531.858,3784.608,48048689.686
TX,6193,3543159.96,10531.864,3800605.635,2317.19,36363702.198
TX,6194,2915585.15,8429.888,3102777.842,2173.343,29695841.691
MO,6195,2159559.12,2509.313,2099178.371,966.292,20722566.507
WY,6204,10239246.69,6630.402,12007969.291,6897.227,114492570.054
IN,6213,4618988.53,2838.252,5075282.144,1368.422,49466690.645
MO,6223,240949.08,1.086,191049.508,179.388,3175149.426
TX,6243,212478.56,0.561,111048.713,46.486,1868598.016
CO,6248,3008781.52,1518.024,3398439.339,782.381,32408952.602
SC,6249,3064772.25,1672.099,3176781.85,1512.359,30962806.313
WI,6253,14421.52,1.359,15021.339,33.681,234003.012
IA,6254,3433325.23,1015.917,3756421.45,1003.454,35825535.131
GA,6257,7368872.0,685.331,8325583.984,5692.214,79382038.653
WV,6264,5459659.98,2805.317,5301427.96,2640.776,51715848.211
MN,6358,25383.27,0.089,16653.913,13.926,280249.154
NE,6373,84619.18,0.667,35629.847,133.207,1145399.757
IA,6463,2060.13,0.59,1894.6,1.905,23377.2
ND,6469,5273647.98,11120.242,5895711.85,3619.127,54153703.775
UT,6481,4916969.0,848.084,4825362.925,5219.576,47030878.475
FL,6584,718.8,0.003,564.333,0.603,6957.433
CT,6635,4068.93,0.016,3144.841,1.007,52394.176
KY,6639,196410.12,0.596,117995.361,79.473,1985536.534
AR,6641,5050175.82,12847.925,6086794.294,4752.82,58051032.773
IA,6664,3904539.56,6002.281,4029216.466,3399.991,38417375.655
IN,6705,4625423.76,660.229,5054764.645,6852.121,49266798.376
CO,6761,1629501.39,501.51,1587576.019,824.016,16155491.19
MO,6768,1473723.54,4086.193,1603928.256,840.97,15293001.583
OK,6772,708184.23,2654.847,834514.041,737.882,8145013.831
KY,6823,3150842.05,3108.553,3523880.676,2328.918,34345825.504
KS,7013,3981.0,0.013,2869.6,6.822,48756.3
TX,7030,2635678.05,2126.076,2930291.278,1902.965,26915580.805
VA,7032,88285.69,4.369,70338.1,106.565,1177420.4
AL,7063,758280.61,2.523,498577.354,209.161,8388754.848
NV,7082,2126919.85,4.819,954695.52,86.627,16064676.431
TX,7097,5409990.16,618.058,6144360.981,2416.734,59886584.091
NJ,7138,4013.8,0.069,3180.5,7.12,53148.2
IA,7145,16585.63,0.375,7344.244,26.216,237018.994
NY,7146,15548.27,0.099,16886.894,29.428,208136.551
DE,7153,1813345.07,3.469,1006360.152,359.146,16931656.519
IA,7155,437.21,0.015,548.602,0.787,6738.368
OH,7158,203524.66,1.048,200793.481,210.408,3376075.891
WI,7159,124637.56,0.493,97615.557,64.491,1641842.473
WI,7203,24238.41,0.116,22891.143,12.988,384723.113
SC,7210,1476651.41,272.108,1063872.108,689.34,15502013.383
VA,7212,118791.01,6.407,93930.0,164.248,1570093.5
VA,7213,278237.11,83.379,306980.278,352.471,2992010.338
SD,7237,238599.05,0.893,177101.003,70.459,2979526.358
FL,7238,4307255.73,9.041,1788258.236,166.231,30090568.81
FL,7242,5910986.89,29.437,2366266.243,245.828,39807294.8
FL,7254,0.0,0.0,7080.045,5.737,119258.328
MI,7258,63946.17,0.218,43124.784,18.203,725613.758
CA,7266,272204.1,0.698,138337.496,7.471,2327753.663
WI,7270,163683.32,0.649,128705.871,86.445,2164984.719
NC,7277,31038.68,0.154,21500.671,17.669,348125.205
NJ,7288,32994.82,0.131,26476.203,16.146,438479.366
MO,7296,2385458.76,5.091,978149.395,112.581,16453341.167
FL,7302,7062107.65,23.585,4670973.127,603.735,78598357.534
CA,7307,371345.84,0.931,184418.958,3.536,3103168.836
NY,7314,270792.31,1.064,207504.694,67.492,3474834.834
CA,7315,200177.41,0.59,116798.645,10.569,1965398.72
DE,7318,657.43,0.004,623.821,0.673,10483.854
TX,7325,719261.22,2.955,585443.942,97.933,9850228.153
IN,7335,13849.46,0.059,10282.379,11.29,172554.067
IN,7336,49858.42,0.185,36498.978,21.016,614040.15
IA,7343,1083582.51,1771.361,1053692.501,857.001,10046662.761
GA,7348,1530.0,0.72,931.6,3.513,14022.0
OR,7350,4271182.42,8.658,1714925.199,187.097,28856870.183
FL,7380,1788797.86,5.94,1176637.085,333.109,19798849.081
IL,7425,39524.1,0.154,30633.378,38.017,511740.207
CA,7449,7140.32,0.017,3433.432,0.494,57776.539
ID,7456,782146.9,2.425,480266.598,203.95,8081351.246
WY,7504,752832.76,413.369,914116.173,676.154,9054886.05
KS,7515,13237.53,0.062,12298.194,17.047,206637.361
CA,7527,156613.13,0.423,86432.698,5.251,1427634.517
CA,7551,630076.14,1.609,318460.186,18.799,5358749.669
CA,7552,709561.38,1.529,302867.448,23.715,5096392.443
MO,7604,2010810.06,4.433,878077.858,86.221,14775398.87
WA,7605,1859457.55,4.998,771101.271,81.546,12975327.551
AL,7697,1141633.5,2.443,483988.4,105.838,8144070.7
AL,7698,940079.75,1.934,382996.6,98.342,6444564.375
FL,7699,736121.22,2.457,486729.175,159.034,8190140.594
AL,7710,14018822.25,28.232,5592225.4,394.921,94100018.125
AL,7721,2080924.25,4.091,810352.85,44.012,13635664.85
MO,7749,73788.48,0.273,54015.991,44.57,908932.622
MO,7754,11902.3,0.047,9203.774,6.093,154866.366
OK,7757,7037405.58,14.467,2865641.841,348.295,48219973.489
IN,7759,340512.57,1.257,248976.942,57.375,4189522.688
IL,7760,75089.89,0.239,47485.151,44.688,799035.586
TX,7762,2826281.8,5.905,1169705.43,325.505,19682460.322
IN,7763,253972.89,0.787,155917.859,110.177,2623687.4
GA,7764,47574.36,0.163,32348.989,28.922,542925.595
GA,7765,244279.14,0.942,187556.359,48.838,3087742.986
GA,7768,79937.7,0.234,46358.001,36.879,780079.714
OH,7782,1259.79,0.007,1376.7,1.517,23336.5
OH,7783,1416.7,0.007,1408.1,1.516,23866.0
UT,7790,3662057.25,613.87,3865499.478,4773.865,37675447.115
NC,7805,7727186.38,15.177,3832982.392,395.036,64488565.767
GA,7813,428581.4,1.462,289413.558,154.577,4869966.735
IL,7818,17222.33,0.052,8156.076,10.815,173249.399
AR,7825,146823.89,0.472,93497.191,39.342,1573164.125
NC,7826,2967899.75,9.322,1845729.85,196.069,31056912.085
GA,7829,156370.18,0.617,122306.72,43.198,2058062.029
SC,7834,4486453.4,14.643,2898951.868,531.722,48795732.808
MD,7835,213788.45,0.664,131559.965,38.644,2213734.625
VA,7836,220893.69,0.724,143369.634,42.536,2409602.713
VA,7837,245545.58,0.898,173232.42,47.795,2912576.505
VA,7838,308791.01,1.713,182518.89,49.069,3046871.113
VA,7839,853290.57,3.65,518687.744,136.544,8678748.669
IL,7842,1084.49,0.003,625.227,0.508,10521.7
MN,7843,103601.36,0.383,75938.632,59.672,1276418.109
MN,7844,6970.67,0.022,4348.528,5.497,73185.127
TN,7845,3511015.99,7.004,1337805.313,133.084,22507284.677
FL,7846,3307524.31,9.766,1934657.757,202.891,32553021.79
MO,7848,195009.25,0.754,149391.802,31.222,2512765.965
WI,7863,35349.0,0.143,26545.8,8.119,449795.9
NY,7869,162159.43,0.478,94767.759,7.948,1593288.35
WA,7870,630305.53,8.314,470240.173,103.815,7912713.154
OH,7872,188231.98,0.848,123342.7,130.017,2087298.4
FL,7873,3993950.83,13.148,2604116.224,292.425,43819115.424
NE,7887,67509.75,0.199,38858.366,25.039,653768.93
AL,7897,6591696.0,13.453,2664888.675,219.856,44841884.875
TX,7900,1956683.32,4.658,922646.108,100.191,15525755.671
TX,7902,952750.53,367.638,1015416.612,822.323,9326877.403
MO,7903,93575.22,0.321,63648.708,65.453,1071061.314
NY,7909,128494.25,0.394,78097.783,6.919,1314165.519
NY,7910,58593.18,0.177,35058.548,3.006,589929.069
NY,7912,38967.29,0.116,22904.018,1.995,385382.236
NY,7913,108070.81,0.337,66740.81,4.907,1123114.948
NY,7914,100567.97,0.298,59136.013,4.946,995066.721
NY,7915,34991.52,0.104,20605.69,1.803,346737.051
GA,7916,524114.19,1.881,366819.72,94.273,6168299.248
GA,7917,3611215.64,7.286,1443327.843,112.777,24286797.742
MN,7925,78033.53,0.344,68279.013,17.304,1148275.161
KS,7928,44044.71,0.146,28986.955,6.057,487771.158
KS,7929,261893.9,0.936,185225.909,47.595,3116765.222
GA,7946,1998559.85,6.39,1265773.002,130.098,21299016.527
MN,7947,166462.41,0.491,97134.138,125.428,1634282.606
IN,7948,43344.04,0.143,28446.003,20.542,478654.047
ID,7953,571332.77,1.84,364711.169,133.889,6136932.212
MS,7960,61300.94,0.374,45706.58,10.993,766886.278
DE,7962,20250.52,0.062,12161.786,1.141,200323.15
MO,7964,139598.93,0.503,93738.705,65.553,1574580.198
NM,7967,112278.6,0.354,70134.412,47.596,1180121.8
MI,7972,112923.89,0.435,85978.228,22.047,1446737.86
NM,7975,291469.85,0.881,173967.486,182.331,2926211.425
SC,7981,42239.21,0.131,32394.677,9.718,535956.394
MI,7984,55890.32,0.179,35305.05,25.576,594079.6
IA,7985,1412629.05,4.662,923324.943,70.731,15536731.553
CA,7987,10202.95,0.031,5941.543,1.006,99977.799
MS,7988,213032.11,0.733,145194.024,33.205,2443147.126
MS,7989,290182.09,0.841,166534.022,121.445,2802213.057
WI,7991,430853.35,2.004,235117.457,18.972,3956292.027
WA,7999,3699845.7,10.249,1539148.026,89.967,25899146.664
NE,8000,596118.49,1.551,307196.089,35.064,5169307.882
NH,8002,55088.25,98.313,51438.771,74.228,726233.974
NY,8006,207811.69,106.496,133774.438,140.242,2110306.08
NY,8007,25171.0,0.094,21849.6,66.117,269785.9
NJ,8008,1951.2,0.011,2122.8,2.699,35982.5
PA,8012,659.91,1.063,852.0,3.052,10518.4
WI,8023,4640315.81,1416.869,5067154.754,2178.218,48322437.236
MN,8027,69168.86,0.437,52789.061,20.877,896881.769
IA,8031,2968155.02,6.644,1316149.55,90.488,22146713.525
NC,8042,9078632.66,1624.168,6118977.46,7170.034,82949849.908
FL,8048,1933833.04,6.384,1264505.686,1210.502,21277782.275
FL,8049,272281.51,1.19,224727.983,98.724,3749901.49
NY,8053,46281.09,0.138,27238.158,2.514,458332.107
MS,8054,226917.86,0.822,157636.088,348.955,2652099.999
LA,8056,237778.33,1.872,158801.774,230.619,2656568.189
OK,8059,306482.83,1.495,296220.35,121.231,4984492.291
WY,8066,9105956.02,6667.98,9813084.092,5487.452,93564898.346
AZ,8068,4816455.92,10.345,2049144.477,104.821,34480669.257
UT,8069,3830775.89,1057.137,4058301.11,3798.842,39554564.468
OH,8102,14678632.01,18431.858,14701693.142,6264.212,143319971.044
CO,8219,1187394.24,411.443,1169431.099,891.858,11205324.464
ND,8222,2750235.48,13752.533,3209506.036,6463.763,29480154.127
AZ,8223,7708510.81,5676.403,7679992.454,4225.533,73254702.03
NV,8224,1207285.13,2693.629,1349968.319,1683.822,12871582.85
NY,8906,1544242.55,3.02,537360.642,226.674,8720796.388
DE,10030,92491.63,0.268,53041.426,12.833,891808.447
CA,10034,60564.72,0.153,30267.119,7.937,509286.7
PA,10143,823270.4,2475.601,986547.682,591.38,9363004.936
CA,10156,2590.54,0.009,1770.269,0.203,29783.471
CA,10169,29255.74,0.091,17986.569,2.209,302663.85
NY,10190,93552.14,0.256,50310.811,32.554,844955.459
CA,10294,69294.92,0.193,38123.35,34.271,642464.704
MA,10307,74934.98,0.262,52535.762,36.003,859862.526
NJ,10308,992449.21,2.443,483822.585,338.049,8141200.537
CA,10349,51699.73,0.159,31572.886,14.138,531279.344
CA,10350,2569.83,0.008,1585.947,0.161,26689.264
CA,10405,3902.07,0.015,2961.867,0.768,49847.256
NC,10525,343065.0,287.5,515831.833,446.076,4946110.416
PA,10603,330514.97,1217.24,434639.725,150.862,4121661.289
NY,10617,4861.17,0.013,2510.974,0.606,42254.879
NY,10619,12637.49,0.03,5982.533,1.547,100660.599
NY,10620,2292.92,0.007,1300.4,2.305,21885.463
NY,10621,12237.82,0.031,6152.986,6.344,103536.573
VA,10633,703394.09,2.614,489215.674,512.821,8230874.679
CA,10649,48863.68,0.118,23347.532,3.58,392921.152
CA,10650,26068.45,0.067,13298.003,1.611,223714.444
MD,10678,658186.54,646.734,857150.516,256.872,8357782.607
CO,10682,67053.72,0.247,48948.226,37.001,823630.171
NY,10725,154922.95,0.392,77486.717,30.66,1303917.958
MA,10726,442588.5,1.585,311910.425,94.522,5248437.725
NJ,10751,79052.9,0.223,44109.363,20.569,742218.57
NV,10761,277541.37,0.894,176830.136,16.974,2975509.08
CA,10776,5649.69,0.767,3350.882,18.643,56380.117
PA,10870,12119.69,0.05,8992.312,9.119,150366.655
NJ,50006,7448760.13,15.615,3096556.054,464.137,52072475.237
TX,50109,832018.65,2.159,427606.279,386.685,7195288.729
TX,50137,35235.8,0.139,27439.921,64.369,461717.861
ME,50243,13756.25,0.446,10048.495,6.03,169445.25
PA,50279,87552.5,0.263,52053.925,35.224,875931.075
NY,50292,620422.34,1.753,347026.912,174.286,5839669.97
NY,50449,41692.5,0.117,23372.75,20.597,392016.95
NY,50450,36060.0,0.095,18733.0,17.69,315214.625
NY,50451,32674.75,0.1,18630.55,22.634,313455.5
NY,50458,523187.5,1.261,249743.65,50.076,4202433.45
NC,50555,5041.22,3.481,6069.847,7.56,74866.77
OK,50558,656566.42,1.577,312369.865,279.962,5256208.0
NJ,50561,247967.47,0.614,121507.083,29.068,2043958.929
PA,50611,179801.85,301.663,386253.76,247.195,3269930.646
CA,50612,38382.39,0.107,21275.063,3.831,358257.354
TX,50625,5843783.52,7.96,2297823.374,176.791,38551245.248
CO,50707,868082.19,2.679,530642.151,410.582,8929141.76
NY,50744,1529.94,0.005,1083.907,1.887,18237.406
NJ,50799,8662.92,0.025,5103.996,2.534,85894.213
TX,50815,3722332.38,12.029,2382601.707,399.983,40091379.667
CA,50865,207569.13,0.856,169605.176,19.425,2853988.771
PA,50888,581210.0,346.672,663737.0,254.419,5708095.0
FL,50949,8116.86,0.068,4991.284,0.951,83831.69
NY,50978,136578.58,0.532,97962.777,22.293,1648357.443
RI,51030,879019.21,3.244,642163.648,140.874,10785386.274
VA,52019,5305358.17,14.555,2842367.478,757.435,47820509.93
MA,52026,35661.67,0.063,19344.83,4.015,324328.58
VA,52087,110170.57,0.502,78091.0,84.805,1313818.6
TX,52088,2639600.76,5.786,1146088.289,562.029,19285102.594
TX,52176,104076.42,0.402,79604.271,87.828,1339503.377
NY,54034,24664.01,0.066,13079.0,3.426,220036.203
NY,54041,66797.12,0.263,52850.528,50.097,889346.388
NY,54076,36915.75,0.097,19361.025,6.122,325074.45
NY,54114,476184.04,1.244,245694.979,57.271,4134173.151
NY,54131,50984.23,0.202,37772.271,23.553,635611.841
NY,54149,494998.45,0.944,186917.544,133.958,3144275.592
CA,54238,352341.42,0.467,516181.751,103.585,4953593.422
NV,54271,214766.34,0.588,116365.017,214.018,1958033.711
RI,54324,731033.38,2.723,539057.32,127.268,9056893.284
FL,54365,430076.54,0.986,195310.148,82.689,3286507.569
FL,54426,442418.45,1.049,207873.044,84.996,3497993.644
FL,54466,1039304.12,2.427,480738.796,247.307,8089331.627
WA,54476,583742.94,7.634,429035.52,59.104,7219028.803
WA,54537,1004841.86,15.116,787618.665,163.63,13238372.144
NY,54547,4019318.9,8.724,1728173.035,210.759,29079849.254
NY,54574,244189.99,0.712,140866.752,32.373,2370378.257
NY,54592,14391.11,0.057,11273.405,3.416,189702.148
NY,54593,4648.48,0.017,3454.159,3.505,58134.733
NJ,54640,165068.42,1.0,119999.037,17.412,2010384.054
AZ,54694,154372.51,0.421,83463.682,52.612,1404428.623
CA,54749,14051.72,0.037,7411.016,0.944,124697.843
OR,54761,3031264.24,6.665,1320391.679,157.597,22218416.095
CA,54768,30039.51,0.084,16684.744,4.01,280700.01
PA,54785,895049.45,3.897,771496.518,220.577,12978977.649
MA,54805,221815.02,0.543,107542.912,15.931,1809641.12
TX,54817,1165178.14,2.683,530032.853,133.348,8918645.686
MD,54832,662763.65,1.661,328839.815,78.943,5528338.867
VA,54844,932516.05,2.49,460010.901,103.8,7735181.661
NV,54854,32459.83,0.127,25275.874,31.425,425320.272
NY,54914,1679381.57,5.313,1052191.522,56.561,17693422.008
MI,54915,1042639.9,2.955,585369.56,135.279,9849952.01
MN,55010,1068102.77,2.564,505037.665,42.277,8497147.69
WI,55011,669281.87,1.58,312935.541,43.633,5262442.89
TX,55015,3324179.91,14.058,2987175.81,299.339,50264928.992
MA,55026,355696.13,0.842,166772.317,17.232,2806273.854
WI,55029,148107.72,0.52,97162.471,69.767,1633580.964
ME,55031,83586.33,1.34,62395.511,10.284,1034880.025
NM,55039,561576.19,1.938,380916.687,118.358,6408585.669
GA,55040,151848.87,0.425,71904.19,19.968,1209029.33
MA,55041,71925.67,0.158,30541.305,5.467,526756.688
CT,55042,2684791.22,5.63,1115359.614,180.529,18768159.978
SC,55043,79838.63,0.288,56003.211,13.38,942367.304
TX,55047,5158359.36,10.311,2042363.792,402.27,34366661.339
RI,55048,1694673.89,3.505,694375.794,58.171,11684181.423
GA,55061,239120.48,0.742,146127.917,51.437,2456049.522
TX,55062,4269599.22,9.242,1830775.605,632.173,30806372.477
MS,55063,4650829.66,11.011,2181217.524,479.657,36703036.08
TX,55064,1740733.71,61.462,1044815.983,407.611,17507695.519
TX,55065,2135785.83,4.953,981072.824,333.697,16508438.513
ME,55068,593806.99,2.096,415087.511,55.389,6984643.839
AR,55075,1772280.94,3.654,723729.576,279.122,12178114.438
NV,55077,1688385.07,3.777,748157.588,75.862,12589237.57
MA,55079,418656.19,1.353,268093.683,38.046,4511196.321
TN,55081,165160.15,0.584,115722.336,66.975,1947243.388
TX,55086,372717.37,1.383,270907.178,65.434,4558512.256
MI,55087,4785052.96,12.127,2402094.69,368.695,40419825.917
MI,55088,3627979.0,1229.539,3628684.95,603.518,43901179.35
LA,55089,3861354.67,14.219,2816642.857,679.798,47395165.911
TX,55091,5433406.41,12.21,2418740.908,345.117,40699953.431
TX,55097,5758223.22,12.102,2397302.626,613.125,40339012.0
TX,55098,1432354.71,2.979,590168.925,96.388,9930696.635
ME,55100,413879.53,0.888,175962.497,24.175,2960892.075
MI,55101,188487.02,0.694,137561.454,51.978,2314728.394
MI,55102,9592.35,0.047,9293.033,22.207,156365.441
OR,55103,2986868.27,6.332,1254245.715,60.776,21105156.698
RI,55107,3680824.15,7.571,1499640.555,72.197,25234265.421
IL,55109,18609.07,0.066,13144.639,9.423,221184.094
OH,55110,958516.29,3.528,698716.741,192.202,11757359.884
IN,55111,576508.6,2.194,435142.62,116.28,7322085.035
CA,55112,2322533.94,4.677,926475.71,63.752,15589742.965
NC,55116,791623.36,2.535,502300.265,201.869,8446397.362
LA,55117,2168028.74,6.483,1284237.049,661.014,21609793.691
TX,55120,2679544.83,6.261,1354983.052,171.342,20871867.956
TX,55123,3164158.65,6.316,1251152.483,179.822,21052876.432
AZ,55124,3774421.06,7.978,1580277.363,118.527,26591380.55
CT,55126,3651788.75,7.927,1570267.285,93.868,26422842.729
CO,55127,359995.89,1.146,226919.125,94.555,3818355.799
GA,55128,252154.03,0.773,153252.357,68.533,2578761.506
AZ,55129,3058902.65,6.896,1366098.493,122.572,22987219.57
IL,55131,6031041.67,13.315,2637608.069,288.342,44382845.169
TX,55132,3239266.13,7.02,1390716.644,418.988,23401369.778
WI,55135,612717.6,2.062,405214.7,151.969,6867938.3
TX,55137,4703659.02,9.321,1846355.271,278.374,31068510.013
TX,55139,3221166.35,7.017,1390041.603,289.49,23390102.862
GA,55141,570466.1,1.933,382823.016,147.255,6441706.784
TX,55144,4802960.88,10.617,2103063.427,227.212,35388083.022
OK,55146,3938030.93,8.391,1662105.442,449.229,27968100.17
IN,55148,60374.73,0.199,39326.013,27.529,661759.628
CT,55149,3717837.89,12.002,2377498.427,134.34,40005986.659
CA,55151,2371233.79,5.243,1038455.385,63.321,17474206.082
TX,55153,7173679.85,15.906,3150618.612,892.911,53015249.057
TX,55154,2141537.16,6.936,1373996.559,144.772,23120047.777
KY,55164,36844.35,0.131,25706.3,14.635,430084.306
LA,55165,105196.13,0.357,70701.519,51.018,1189698.999
SC,55166,288724.79,1.006,177346.443,128.446,2982225.328
TX,55168,3101038.36,6.528,1293121.02,284.497,21759281.964
NH,55170,2266433.15,7.224,1431081.448,113.589,24080662.159
TX,55172,4486284.75,10.196,2019725.609,301.169,33985713.618
LA,55173,5839704.88,12.954,2566120.226,187.84,43180076.057
TX,55176,2688528.46,7.673,1519905.574,387.095,25575281.462
AZ,55177,2754750.55,6.159,1220071.765,95.26,20529924.094
MO,55178,2689483.08,5.827,1154385.417,147.509,19424650.501
ID,55179,1834721.5,3.858,764141.996,76.954,12858151.534
CA,55182,2916903.62,6.023,1193052.258,50.559,20075420.528
IL,55183,2980274.28,6.199,1227808.79,165.758,20660292.397
TX,55187,7701995.26,16.066,3182436.507,286.22,53550582.859
IL,55188,789986.83,1.622,321209.282,37.422,5404750.709
FL,55192,10510.58,4.618,6299.292,1.954,102653.655
PA,55193,4204295.45,8.767,1736709.345,100.514,29223393.866
PA,55196,133881.83,0.398,78727.869,51.015,1324762.372
MS,55197,3990545.17,8.323,1648718.051,151.267,27742786.915
KY,55198,461820.84,1.577,312598.931,147.366,5260108.889
IL,55199,947603.72,3.126,619216.215,172.48,10419817.58
CO,55200,236900.64,0.597,118309.527,28.533,1990770.662
IL,55201,75558.74,0.268,53123.761,31.354,893896.271
IL,55202,47348.33,0.132,26471.211,20.74,445437.459
IL,55204,5142.36,0.019,3610.613,2.117,60746.976
TX,55206,3150331.29,7.213,1428672.526,446.427,24040224.794
CO,55207,23080.84,0.085,16683.517,14.902,280748.745
NM,55210,1488127.8,3.189,631597.332,83.354,10627917.972
MA,55211,2005161.93,6.767,1340474.826,74.767,22556045.35
MA,55212,1838494.86,6.006,1189773.316,69.92,20020414.275
TX,55215,7153349.23,14.386,2849558.142,647.021,47949396.329
CA,55217,3460925.41,7.129,1412129.731,86.645,23761745.195
MS,55218,3300395.67,7.034,1393217.127,137.966,23443503.288
MS,55220,2983680.09,6.215,1231158.062,113.864,20716547.76
AR,55221,913194.87,2.153,426961.807,333.433,7176249.43
IL,55222,12245.48,0.051,10222.056,2.179,172014.477
TX,55223,1475763.39,3.294,652589.624,154.747,10981124.31
IN,55224,90276.79,0.357,70675.737,103.281,1189245.497
OK,55225,5789142.71,12.671,2510040.637,761.797,42236183.291
TX,55226,7765041.24,15.867,3143007.486,790.889,52887274.418
OH,55228,69824.65,0.247,45811.1,34.301,775930.9
IN,55229,158554.5,5.028,100945.4,143.189,1704388.6
TX,55230,6461103.77,13.555,2684959.692,254.059,45179635.839
PA,55231,4083189.7,8.847,1752379.574,140.707,29487508.648
KY,55232,139632.99,0.697,102156.997,22.431,1712547.322
PA,55233,134310.83,0.433,77946.6,119.535,1320095.6
MO,55234,200995.09,0.712,140900.731,29.434,2370988.068
IL,55236,67836.29,0.285,56501.916,15.862,950773.832
IL,55237,174191.7,0.553,102620.3,105.16,1738576.2
IL,55238,108134.1,0.337,66105.681,21.867,1112343.805
NJ,55239,2653850.14,6.828,1352656.148,118.362,22760998.252
AL,55241,1526383.04,3.424,678208.517,54.544,11412176.299
FL,55242,1171577.99,2.57,509127.095,135.454,8567098.296
NY,55243,4921.7,0.762,4226.8,14.67,70540.4
GA,55244,54823.83,0.201,39923.728,23.102,671794.933
OH,55247,566005.76,1.09,220576.88,76.496,3707299.051
OH,55248,904009.37,5.818,677205.6,389.615,11474393.9
IL,55250,84798.1,0.303,50651.91,77.385,852541.917
TN,55251,324199.13,1.061,210179.58,129.866,3536696.033
IL,55253,54103.91,0.224,44200.698,9.602,743738.114
IN,55259,2267428.2,7.962,1577062.671,106.513,26537099.717
OH,55262,1003.69,0.007,1447.2,1.841,24540.0
OH,55263,703.22,0.007,1477.7,1.878,25040.4
OH,55264,1124.14,0.008,1524.6,1.939,25850.8
GA,55267,203130.71,0.7,134538.226,47.16,2241479.937
MS,55269,4609315.53,9.337,1849608.556,186.191,31123326.551
MI,55270,2019805.37,4.96,982131.855,535.165,16526081.625
AL,55271,2767580.65,5.943,1177256.135,78.978,19809179.3
WV,55276,461740.21,1.778,341801.8,229.468,5793469.9
IL,55279,422211.89,1.21,239800.225,104.376,4035100.882
AZ,55282,3616696.63,7.706,1526403.427,104.35,25684738.426
CO,55283,2091055.27,4.841,959005.948,252.076,16137113.344
WV,55284,324014.45,1.09,215388.509,199.163,3626618.72
VA,55285,80157.97,0.256,50345.129,52.888,847654.485
FL,55286,386965.6,7.447,238402.224,56.673,4007030.144
AL,55292,2198460.32,4.672,925564.042,67.003,15574369.775
AL,55293,5593033.39,12.343,2445158.983,147.761,41144502.548
ME,55294,2525553.81,4.83,956831.169,116.06,16100491.012
CA,55295,1112499.62,3.752,743198.063,52.919,12505713.102
IL,55296,4340.85,0.013,2629.858,1.951,44251.515
MI,55297,6553330.13,16.402,3249010.66,187.824,54670764.181
PA,55298,8224585.2,16.622,3292674.387,213.726,55405417.429
TX,55299,5665685.49,10.975,2276891.202,182.912,38313214.514
GA,55304,37495.19,0.111,21947.777,17.361,369143.471
AZ,55306,10521537.06,22.513,4459644.506,304.899,75042008.351
MA,55317,2253414.6,4.919,974411.717,60.29,16382537.277
TX,55320,3483759.39,7.111,1408527.48,197.636,23701364.232
NV,55322,7097390.48,15.44,3058422.374,207.985,51463896.266
TX,55327,5418744.17,11.371,2252326.704,191.348,37899813.194
OR,55328,4017063.53,8.693,1721902.537,218.252,28974253.695
GA,55332,142280.22,0.457,90345.378,29.519,1520203.723
CA,55333,4340912.9,9.063,1795387.781,129.68,30210836.041
IL,55334,2582947.5,5.523,1094059.726,118.864,18409677.67
PA,55337,2853145.21,9.322,1846617.409,189.039,31072828.98
AR,55340,4177274.12,9.417,1863066.524,158.794,31327363.945
NM,55343,3763322.3,7.508,1487142.071,130.982,25023978.489
CA,55345,2232514.35,4.664,923996.354,49.088,15548032.393
PA,55347,1124287.0,3.504,690701.764,181.927,11612444.843
OH,55348,831564.74,2.65,524246.901,147.86,8805228.199
WV,55349,2246086.31,6.903,1367172.621,325.268,23000401.618
OH,55350,4244286.89,8.126,1609591.549,162.041,27084460.364
TX,55357,3395764.11,7.314,1448862.734,143.556,24379860.684
TX,55358,6043970.58,13.238,2625295.826,244.914,44175567.363
IN,55364,2996650.84,6.555,1298346.098,83.26,21847080.666
TX,55365,190541.33,0.794,148829.3,158.015,2521593.1
AZ,55372,1492805.65,4.89,968559.157,78.836,16297950.972
NY,55375,8287440.94,17.496,3453477.303,158.126,58046518.155
PA,55377,133172.76,0.395,78207.905,51.391,1315976.402
AR,55380,13663124.17,29.24,5792253.044,601.726,97465526.074
VA,55381,24241.56,0.095,19837.237,15.758,244472.123
GA,55382,9069142.34,19.084,3780146.637,307.442,63608350.392
SC,55386,2545481.47,5.808,1146999.589,132.119,20720817.663
WI,55391,543714.99,1.937,383796.81,123.875,6455806.935
IL,55392,315083.82,1.047,207819.072,59.058,3491749.989
CA,55393,2417052.51,5.171,1024183.726,64.514,17233814.858
MS,55395,208787.64,0.77,152298.825,127.886,2562532.597
OH,55397,5360474.23,11.532,2284365.043,144.144,38438801.96
CA,55400,3868332.42,7.258,1437675.186,85.406,24191605.804
OH,55401,1933400.91,7.453,1476371.352,394.63,24842427.604
MI,55402,1523848.92,4.999,990334.775,410.314,16664303.914
LA,55404,3395830.42,7.906,1566069.462,422.247,26351925.617
NY,55405,1871764.66,3.951,777277.41,56.712,13078919.589
GA,55406,2573233.47,5.548,1098961.825,104.426,18492124.686
AL,55409,39372.75,0.143,29578.85,17.756,436660.875
AL,55411,4339568.21,8.988,1780385.067,105.814,29958423.445
FL,55412,2188605.99,4.713,933434.597,96.784,15706895.389
FL,55414,153850.23,0.476,94238.231,26.312,1585757.669
FL,55415,721435.84,4.403,449377.959,120.742,7533724.386
IL,55417,801.67,0.004,512.91,0.142,8631.255
AR,55418,2225320.73,4.799,950592.754,87.88,15995553.023
LA,55419,9844595.77,9.4,2991946.566,438.445,53299178.121
LA,55433,154718.6,0.579,114823.979,39.965,1932138.441
IL,55438,214172.38,0.748,148123.382,71.048,2492449.976
VA,55439,3977946.24,8.637,1684192.828,104.157,28323991.084
AL,55440,4918503.25,10.674,2112408.625,162.662,35545390.3
MO,55447,20062.7,0.075,14846.406,7.355,249815.465
MS,55451,5931516.09,12.907,2556664.292,247.717,43020811.784
CO,55453,79081.89,0.268,52921.21,44.44,890504.218
AZ,55455,4519013.75,9.287,1839597.815,141.908,30954858.094
OK,55457,1697932.13,5.348,1059244.184,260.229,17823898.793
MI,55460,7468308.66,14.589,2890081.607,113.835,48631226.27
OK,55463,5169098.59,11.597,2297466.514,266.142,38659289.412
TX,55464,7099880.75,20.775,4115480.805,281.96,69250876.151
LA,55467,3779850.17,8.448,1673379.999,217.744,28157606.186
TX,55470,1327877.26,59.3,2631603.304,235.092,44282101.491
WY,55477,19912.8,0.065,12851.911,5.701,216253.575
SD,55478,41610.22,0.13,25821.395,12.117,434504.478
WY,55479,713811.3,348.379,874057.444,541.691,8333880.044
TX,55480,10692947.88,22.837,4523686.662,1269.788,76119611.85
AZ,55481,7875475.51,16.728,3313551.845,239.944,55756850.809
WA,55482,2215362.11,4.593,909764.3,55.028,15308569.539
LA,55486,349302.3,0.942,186652.554,41.895,3140803.97
IL,55496,6040.74,0.022,4343.459,0.855,73086.148
CA,55499,7382.72,0.024,4673.977,0.58,80265.104
OK,55501,5222630.84,12.238,2424219.458,707.048,40792123.246
IN,55502,8805201.04,19.016,3766926.975,291.151,63385881.276
OH,55503,5571359.4,11.441,2266433.041,173.28,38137179.119
CO,55504,136329.36,0.545,105002.748,27.63,1757510.886
CO,55505,248788.34,0.97,190318.427,46.003,3201367.167
CA,55508,26779.77,0.086,16732.601,1.543,285129.716
CA,55510,13629.77,0.044,8657.059,1.082,147374.21
CA,55512,12556.59,0.042,8125.207,0.681,138845.252
CA,55513,5711.79,0.018,3566.58,0.447,60949.835
NV,55514,2302828.37,4.803,951310.254,90.873,16008268.073
PA,55516,5576566.16,11.738,2325079.463,121.411,39123962.492
CT,55517,163858.23,0.482,100134.64,9.08,1684884.728
CA,55518,4144170.89,8.814,1745808.351,99.961,29376556.834
AZ,55522,535236.03,1.6,317086.382,34.723,5335580.436
PA,55524,8925530.54,19.678,3897636.392,167.09,65582981.826
CA,55538,23761.57,0.07,13870.693,1.251,233398.227
CA,55540,1756.08,0.008,1748.987,0.633,29433.628
CA,55541,26898.29,0.086,17082.748,2.783,287441.954
CA,55542,39862.21,0.123,24384.821,3.104,410314.861
OR,55544,180596.78,0.561,111050.904,17.077,1868741.974
WI,55558,345053.46,1.109,219616.028,22.151,3695535.788
LA,55620,4248996.55,8.717,1726793.322,223.646,29056544.853
UT,55622,845920.33,2.582,511375.429,60.561,8604866.658
CA,55625,8440.24,0.027,5344.31,0.904,89920.152
CA,55626,14807.99,0.046,9179.042,1.553,154438.239
CA,55627,16252.72,0.051,10095.489,1.719,169873.814
IL,55640,208725.19,0.571,115987.128,17.506,1951700.864
WI,55641,7978245.85,15.906,3150745.481,155.507,53017210.994
CO,55645,427745.12,1.555,297031.71,82.001,4992097.072
OK,55651,183312.49,0.738,146318.632,31.858,2462040.478
PA,55654,253981.0,0.752,148963.02,96.18,2506602.304
CA,55656,4007426.84,10.008,1982465.815,111.186,33358747.494
NH,55661,853765.78,1.903,375522.043,36.443,6304492.933
WA,55662,2318715.71,10.678,1006801.493,79.241,16941207.129
TX,55664,3355134.94,7.0,1386600.883,166.796,23332308.374
PA,55667,4497664.39,9.221,1826506.685,123.571,30734566.922
GA,55672,101149.35,0.383,73323.3,69.098,1242930.1
NV,55687,2205272.53,4.898,970282.684,73.6,16326824.625
PA,55690,6217544.17,14.664,2904928.771,136.97,48879001.774
MS,55694,2316739.44,5.156,1021299.762,96.148,17185288.436
CA,55698,4202.41,0.012,2535.944,0.378,42675.797
NY,55699,123535.39,0.435,83158.45,8.258,1364217.189
WA,55700,2050113.31,9.596,879568.752,59.869,14800414.64
OH,55701,3461019.18,7.102,1406827.0,117.784,23672527.668
MS,55706,5270930.82,10.845,2148143.317,189.055,36146630.033
TX,55708,280402.35,6.809,372709.852,153.657,3576099.143
PA,55710,3049669.11,8.477,1679236.002,113.907,28256417.964
AR,55714,3688161.68,7.028,1392160.128,150.289,23425760.034
MI,55718,590858.34,2.131,422151.936,90.844,7103542.271
ID,55733,730645.86,2.262,447998.653,117.523,7538475.439
OH,55736,10945691.47,23.107,4577221.616,284.589,77020565.324
VA,55738,185766.28,0.543,107621.031,70.374,1810925.8
CA,55748,191178.75,0.49,97159.854,5.631,1634926.095
MT,55749,504897.98,286.339,722125.124,275.787,6898018.355
NY,55786,100987.11,0.305,60418.822,5.422,1016693.178
NY,55787,13676.18,0.047,10642.983,3.329,131159.898
PA,55801,6056226.32,12.427,2461555.714,193.586,41420372.811
NM,55802,247273.67,0.812,160833.806,50.623,2706346.73
CA,55807,3676.77,0.011,2255.073,0.329,37951.252
CA,55810,25269.01,0.085,16642.266,3.815,280037.357
WA,55818,1843501.05,3.94,780419.922,68.842,13132044.697
FL,55821,3650650.6,7.4,1465827.671,144.011,24665399.548
CO,55835,2512757.74,5.973,1183141.278,84.594,19908596.748
WI,55836,7808.72,0.032,6269.803,5.365,105512.312
NV,55841,2521018.12,5.633,1115869.129,91.212,18776687.914
CA,55847,47875.03,0.162,32167.185,13.333,541290.157
CA,55855,8269.03,0.027,5302.675,0.948,89227.127
IL,55856,13399780.68,9280.418,12434139.875,3923.825,121190405.396
SC,55927,5451635.65,11.422,2262070.579,159.366,38061148.695
CA,55933,875928.95,2.122,420262.222,41.914,7071719.372
IL,55936,46742.97,0.136,27357.49,11.938,460334.931
NJ,55938,232193.31,0.734,145416.239,41.302,2446926.425
VA,55939,8622893.68,17.426,3451963.677,166.759,58086030.344
CA,55951,10908.5,0.034,6739.2,0.867,113397.475
CA,55963,28708.54,0.089,17628.532,2.953,296606.579
GA,55965,9245340.35,18.837,3731494.509,268.599,62789612.06
NY,55969,16585.5,0.085,14140.644,2.555,174273.84
CA,55970,1401020.6,6.216,1247732.291,57.502,20719869.468
NE,55972,214113.45,0.748,148153.914,67.84,2492971.068
PA,55976,3231073.51,10.856,2150608.039,108.607,36188074.532
NM,55977,432702.32,1.085,214977.136,81.787,3617472.865
CA,55985,1297056.5,2.713,537384.775,28.971,9042547.364
IA,56013,234466.4,1.354,144942.129,113.434,2429827.246
AL,56018,47662.0,0.166,31277.3,22.655,529921.6
CA,56026,901276.91,2.111,418069.217,23.024,7034868.631
WI,56031,4432729.07,9.022,1787017.005,128.079,30070090.06
NY,56032,57166.65,0.17,33757.621,4.185,568045.282
CA,56041,331859.8,0.823,162317.276,9.725,2731395.152
CA,56046,1529074.28,3.4,672946.382,28.41,11323616.159
CT,56047,5670797.32,11.092,2133973.984,101.47,36950602.106
WI,56068,7079831.77,306.75,6443210.046,1954.34,61471435.732
CA,56078,1621414.24,3.933,778906.361,44.853,13107192.38
UT,56102,2942204.85,6.347,1257153.059,87.931,21154044.458
MN,56104,2708461.14,5.962,1180407.349,84.177,19862137.45
LA,56108,52796.24,0.155,30779.719,22.062,517957.459
CA,56135,11609.68,0.04,7979.821,0.863,134289.215
CA,56143,55602.38,0.17,33799.743,2.937,568756.523
GA,56150,9237842.97,19.346,3830974.495,191.149,64455936.63
MO,56151,179690.45,0.704,139585.213,62.384,2348808.827
MN,56164,1096536.37,2.174,430593.137,46.755,7245578.86
WI,56166,553522.09,1.851,366667.118,94.629,6169843.617
UT,56177,854366.0,1.915,379292.626,120.412,6382297.549
NY,56188,86464.14,0.199,39506.929,2.815,664769.476
NY,56196,3495457.26,7.163,1413437.305,76.925,23754589.043
NV,56224,1186632.75,121.648,1190832.715,263.101,11362175.718
OR,56227,3137089.68,5.496,1255485.04,86.188,21125974.62
CA,56232,23736.44,0.071,14084.657,2.351,237006.346
NY,56234,2557228.07,4.994,989177.535,56.511,16644721.095
UT,56237,6630478.42,13.885,2750317.317,150.344,46279353.482
SD,56238,213777.21,0.497,98464.041,77.925,1656858.53
CA,56239,10424.5,0.034,6639.156,1.215,111732.795
MN,56241,700260.11,2.405,470195.4,135.919,7969164.9
NC,56249,96655.74,0.308,58240.938,53.902,965185.614
UT,56253,125593.21,0.356,72106.949,22.059,1218039.792
NY,56259,3131584.43,6.788,1342735.494,74.919,22584702.908
LA,56283,52137.22,0.155,30663.27,21.322,515945.151
NC,56292,80630.86,0.248,47895.717,35.919,800124.189
CA,56298,352589.58,0.856,169478.042,9.113,2851805.783
WY,56319,729201.25,123.813,886909.808,260.116,8456398.519
TX,56326,880136.22,2.84,562469.024,144.005,9464506.191
AR,56328,180877.31,0.669,132853.3,69.733,2251728.2
TX,56349,2370715.64,6.109,1210006.908,147.552,20360625.648
TX,56350,2499064.32,6.187,1225441.594,163.973,20620503.286
PA,56397,52098.48,0.146,28964.279,20.751,487364.769
FL,56400,1870356.18,3.982,788645.071,37.619,13267036.282
FL,56407,20560417.73,39.795,7869758.042,515.217,132350995.004
CO,56445,256112.05,0.849,163200.731,66.326,2745360.402
AR,56456,3721291.34,2295.02,3692584.12,1313.674,35215771.556
NM,56458,4042520.98,7.79,1759486.508,94.925,29606790.717
CA,56467,1854624.11,3.988,789981.768,47.858,13292934.471
CA,56471,12385.81,0.036,7186.281,0.623,120927.473
CA,56472,5791.48,0.019,3694.877,0.567,62159.681
CA,56473,12052.76,0.036,7059.065,0.455,118782.764
CA,56474,21967.25,0.073,14438.486,0.911,242956.224
CA,56475,5967.43,0.019,3704.47,0.321,62330.588
CA,56476,3140587.31,6.78,1343001.56,75.089,22598620.422
WI,56480,8899.43,0.03,5952.734,3.932,100171.65
AZ,56482,97273.94,1.771,60117.952,52.02,1011613.114
KS,56502,1239721.93,4.37,875291.922,393.803,14767934.745
AR,56505,84796.0,0.279,52229.0,45.839,885050.7
CA,56532,3013007.67,6.476,1282780.018,45.424,21585284.679
KY,56556,101557.96,0.341,67416.015,51.3,1134345.399
AR,56564,3354434.4,571.808,3166856.139,612.334,30195081.011
CA,56569,91473.57,0.257,50961.816,4.389,857493.44
WY,56596,880896.33,182.289,956642.235,203.038,9121300.135
TX,56603,114615.51,0.437,86503.207,17.605,1455571.067
TX,56604,129398.88,0.474,93943.5,23.461,1580834.055
MT,56606,327800.32,0.767,151914.924,108.915,2556323.124
WY,56609,3163235.49,886.48,3106072.964,652.002,29615474.274
SD,56610,1089102.3,2.563,507685.066,45.945,8542763.054
TX,56611,3549352.76,1697.135,3780874.034,752.568,36169509.511
CT,56629,41268.13,0.117,23524.695,2.33,395452.386
CA,56639,20436.42,0.069,13520.675,1.323,227518.232
WV,56671,4360908.35,1599.664,3827911.177,1175.691,37309141.287
TX,56674,91307.61,0.254,50321.464,4.322,846784.591
CT,56798,2774552.55,5.763,1114020.736,64.845,19202672.041
FL,56799,558229.74,1.785,353607.998,89.908,5949450.443
CA,56803,687314.83,1.834,358392.948,31.111,6115666.854
TX,56806,1252150.53,3.774,747544.738,68.609,12578857.249
VA,56807,3136693.81,6.365,1260892.075,75.042,21211370.398
MD,56846,3488326.61,8.917,1766362.051,52.446,29722166.607
MT,56908,564568.26,1.821,360862.111,49.642,6072135.02
CA,56914,19002.17,0.058,11503.498,1.062,193580.701
NY,56940,4372882.36,9.088,1750094.842,91.213,30293547.198
AZ,56948,439477.46,1.341,265827.622,44.91,4473004.895
NJ,56963,2239638.65,4.89,968662.495,64.86,16299569.896
NJ,56964,767229.93,2.137,436573.218,25.71,7346208.876
CO,56998,1290378.93,4.044,800641.823,41.267,13473211.076
CA,57001,7959.78,0.026,5136.516,1.094,86432.068
CA,57027,105791.22,0.325,64211.923,4.288,1080444.084
ID,57028,1665315.2,3.377,668919.1,34.939,11255835.988
NC,57029,641155.9,1.98,392152.386,99.457,6596193.158
MS,57037,3799776.27,8.195,1623235.153,145.166,27314021.491
NY,57185,5308278.98,10.942,2167506.363,102.507,36472075.326
FL,57241,335657.36,9.478,478098.102,138.335,4581911.068
CA,57267,201496.77,0.66,130709.664,8.662,2199449.039
DE,57349,841063.8,1.792,355078.901,28.265,5972400.801
CA,57482,574539.14,1.591,315116.084,31.153,5302394.219
CA,57483,91195.02,0.266,52503.448,6.167,883456.933
CA,57515,390621.75,1.036,205264.286,19.221,3453942.562
CA,57555,105573.85,0.294,58280.877,5.731,980673.364
CA,57564,11847.78,0.046,9067.842,1.057,152579.257
WY,57703,333340.56,0.991,196260.511,13.775,3302420.077
IN,57794,5005880.51,10.086,1997907.71,117.7,33618624.051
NJ,57839,4114204.68,8.06,1587343.633,76.576,26865001.603
IN,57842,430272.11,1.351,267618.065,101.998,4503184.741
TX,57865,942939.36,2.731,541211.041,116.909,9106896.534
ND,57881,491755.51,1.557,308328.159,31.284,5188180.427
ND,57943,1171055.83,3.308,655081.714,60.835,11023021.692
CA,57978,746207.24,2.37,469564.288,23.428,7901286.085
TX,58001,7429959.13,17.002,3367775.702,200.835,56669381.749
TX,58005,3207532.88,6.886,1364133.573,81.43,22954257.78
NH,58054,560952.93,17.051,844004.312,247.219,8087003.557
NJ,58079,3790045.84,7.441,1439045.461,79.862,24803172.701
CA,58122,2293.15,0.007,1448.116,0.1,24364.659
NJ,58235,91265.49,0.255,50601.678,5.055,851503.344
IA,58236,3659972.99,7.972,1579185.876,101.126,26572690.064
VA,58260,6461635.3,13.358,2645976.273,128.798,44523901.817
NM,58284,70512.65,0.202,39932.566,3.444,671930.316
OK,58325,215170.77,0.791,156763.897,47.443,2637847.803
TX,58378,182825.67,0.679,134977.634,6.31,2271220.827
PA,58420,6298322.47,12.592,2494470.658,132.894,41974225.064
PA,58426,6485133.14,12.634,2502820.096,130.621,42114787.53
MI,58427,491721.26,1.288,255132.165,135.772,4293170.057
TX,58471,433683.18,3.476,295131.873,82.13,4966193.982
LA,58478,189957.75,0.458,90693.1,24.242,1526053.725
OR,58503,3171245.42,6.98,1382621.559,69.41,23265211.1
TX,58562,1248279.8,3.409,671251.88,64.696,11293488.002
PA,58933,1224096.5,4.76,942814.45,55.76,15864542.35
VA,59004,4584839.44,1.568,1821332.462,80.227,31349487.988
MI,59093,976458.19,2.094,414624.303,35.869,6976820.192
MD,59220,4529844.95,9.184,1819271.205,114.956,30612757.119
NC,59325,3378831.5,6.88,1362850.251,74.337,22932565.314
OH,59326,3443860.99,6.843,1355620.445,67.65,22810979.1
OH,59764,6674285.84,13.163,2607447.853,122.64,43875305.181
OH,59773,5650513.37,12.187,2414052.651,116.276,40620985.738
TX,59812,7215880.75,14.373,2847129.519,120.85,47908390.676
MA,59882,164836.19,0.491,96655.813,7.509,1621905.213
PA,59906,7125703.15,14.049,2782902.044,143.503,46827663.668
VA,59913,10543700.67,20.014,3964667.978,168.775,66713288.058
MI,59926,838955.24,2.676,530042.018,117.342,8919064.107
TX,60122,8045078.69,15.74,3118096.313,109.522,52467922.212
TX,60264,249226.79,0.992,198230.0,120.566,3359867.3
MD,60302,4255624.86,9.199,1822263.053,87.795,30663140.129
FL,60345,11652448.36,21.206,4198889.141,243.073,70646445.447
OH,60356,8658977.18,16.515,3271423.064,164.998,55048066.76
PA,60357,10684501.03,20.617,4084069.753,166.868,68722250.02
PA,60368,7864706.67,16.153,3199586.202,162.547,53839112.518
OH,60376,6342628.14,12.608,2497584.744,135.22,42026601.426
IL,60387,258988.22,0.87,167885.728,41.355,2801951.304
TX,60459,70681.09,0.227,45034.687,4.403,757842.79
TX,60460,122004.67,0.397,78764.063,7.982,1325345.172
PA,60464,6815740.91,13.735,2660610.337,110.221,45782306.174
TX,60468,89626.08,0.342,67708.086,10.249,1139318.818
PA,60589,7342185.01,6.459,2715899.505,140.499,46583546.007
CA,60698,2799.19,0.009,1799.078,0.158,30273.564
MA,60903,724645.17,1.544,305796.767,19.658,5145624.032
TX,60925,6354580.88,12.972,2569574.731,132.115,43237860.764
LA,60926,5179474.43,10.79,2137372.393,144.293,35965405.701
LA,60927,6032706.03,11.678,2313247.16,146.008,38924840.256
PA,61028,6689872.41,13.449,2664190.412,136.034,44830224.097
PA,61035,3311168.26,6.194,1226872.754,61.835,20644469.497
SD,61144,407920.4,1.267,250974.584,50.956,4223136.667
TX,61241,42940.47,0.121,23814.782,2.342,400747.776
TX,61242,56912.91,0.155,30651.245,3.073,515741.174
OH,61322,3946910.76,7.348,1455495.402,69.665,24491545.963
TX,61966,117562.15,0.39,77242.465,5.665,1299753.215
MI,62192,8357357.03,15.411,3052821.258,170.025,51369663.945
TX,62548,152303.57,0.497,98270.164,10.56,1653626.942
PA,62565,4035893.91,8.0,1584743.003,63.23,26666341.302
IL,62926,7238707.51,14.137,2800314.879,142.106,47120749.639
OH,62949,8606720.59,17.729,3511848.412,244.085,59093530.525
MI,63259,978192.89,2.19,433836.174,81.383,7304048.579
TX,63335,417485.45,1.285,254593.685,27.696,4284002.471
TX,63688,727195.6,2.216,438601.76,50.698,7380199.64
IL,63931,3486486.53,7.484,1482557.049,69.244,24946885.293
TX,64383,293242.06,0.912,180661.205,18.888,3040028.957
TX,65372,110098.6,0.336,66558.732,7.521,1119970.85
TX,65373,244859.88,0.743,147130.684,15.445,2475751.074
GA,70454,205293.32,0.754,150403.378,75.362,2530813.219
