facility_id,site_name,state,latitude,longitude,annual_generation_mwh,original_fuel,new_technology,abatement_cost,NOx,SOx,PM2_5,VOC,NH3,CO2,transition,height,diam,temp,velocity
26,Plant 26,AL,33.244211,-86.458056,3724241.0,Coal,NGCC,94.49000423686414,409.66651,37.24241,37.24241,74.48482,37.24241,1377969.17,Coal to NGCC,50.0,5.0,400.0,20.0
60,Plant 60,NE,40.580872,-98.312437,1224281.29,Coal,NGCC,-590.8430677258003,134.6709419,12.2428129,12.2428129,24.4856258,12.2428129,452984.0773,Coal to NGCC,50.0,5.0,400.0,20.0
118,Plant 118,AZ,32.5517,-111.3,129391.26,Gas,NGCC,-914.4858604528832,14.2330386,1.2939126,1.2939126,2.5878252,1.2939126,47874.7662,Gas to NGCC,50.0,5.0,400.0,20.0
130,Plant 130,SC,33.371506,-80.113235,9164494.42,Coal,NGCC,-714.6238342080339,1008.0943862,91.64494420000001,91.64494420000001,183.28988840000002,91.64494420000001,3390862.9354,Coal to NGCC,50.0,5.0,400.0,20.0
201,Plant 201,AR,35.462382,-93.804926,411773.43,Gas,NGCC,-367.88186713217516,45.2950773,4.1177343,4.1177343,8.2354686,4.1177343,152356.1691,Gas to NGCC,50.0,5.0,400.0,20.0
341,Plant 341,CA,33.7641,-118.2248,7802.16,Gas,NGCC,50.92491349639007,0.8582376,0.07802160000000001,0.07802160000000001,0.15604320000000002,0.07802160000000001,2886.7992,Gas to NGCC,50.0,5.0,400.0,20.0
377,Plant 377,CA,34.1556,-118.2782,34333.02,Gas,NGCC,-217.91880455767384,3.7766322,0.3433302,0.3433302,0.6866604,0.3433302,12703.2174,Gas to NGCC,50.0,5.0,400.0,20.0
470,Plant 470,CO,38.2081,-104.5747,7198606.13,Coal,NGCC,-253.8411947098249,791.8466743,71.9860613,71.9860613,143.9721226,71.9860613,2663484.2681,Coal to NGCC,50.0,5.0,400.0,20.0
525,Plant 525,CO,40.4856,-107.185,2726468.64,Coal,NGCC,68.46408696834276,299.9115504,27.264686400000002,27.264686400000002,54.529372800000004,27.264686400000002,1008793.3968,Coal to NGCC,50.0,5.0,400.0,20.0
533,Plant 533,AL,31.400255,-86.476449,2534440.26,Gas,NGCC,-602.1857535938125,278.7884286,25.3444026,25.3444026,50.6888052,25.3444026,937742.8962,Gas to NGCC,50.0,5.0,400.0,20.0
544,Plant 544,CT,41.209797,-73.108976,9372.29,Oil,NGCC,91.87142538387516,1.0309519,0.09372290000000001,0.09372290000000001,0.18744580000000002,0.09372290000000001,3467.7473000000005,Oil to NGCC,50.0,5.0,400.0,20.0
546,Plant 546,CT,41.4281,-72.1019,40657.71,Oil,NGCC,104.12640245153862,4.4723481000000005,0.4065771,0.4065771,0.8131542,0.4065771,15043.3527,Oil to NGCC,50.0,5.0,400.0,20.0
602,Plant 602,MD,39.182073,-76.537151,1266698.26,Coal,NGCC,69.0570161624528,139.3368086,12.6669826,12.6669826,25.3339652,12.6669826,468678.3562,Coal to NGCC,50.0,5.0,400.0,20.0
643,Plant 643,FL,30.2686,-85.7003,4271967.21,Gas,NGCC,22.78972205782687,469.9163931,42.719672100000004,42.719672100000004,85.43934420000001,42.719672100000004,1580627.8677,Gas to NGCC,50.0,5.0,400.0,20.0
664,Plant 664,FL,29.6461,-82.3208,749021.72,Gas,NGCC,20.62706114541637,82.3923892,7.4902172,7.4902172,14.9804344,7.4902172,277138.0364,Gas to NGCC,50.0,5.0,400.0,20.0
667,Plant 667,FL,30.4172,-81.5525,3550978.76,Gas,NGCC,94.70052450287123,390.60766359999997,35.5097876,35.5097876,71.0195752,35.5097876,1313862.1412,Gas to NGCC,50.0,5.0,400.0,20.0
676,Plant 676,FL,28.0801,-81.9229,1164203.41,Gas,NGCC,-558.9971927735035,128.0623751,11.6420341,11.6420341,23.2840682,11.6420341,430755.2617,Gas to NGCC,50.0,5.0,400.0,20.0
689,Plant 689,FL,30.162304,-84.200673,912036.0,Gas,NGCC,-30.004453673713094,100.32396,9.120360000000002,9.120360000000002,18.240720000000003,9.120360000000002,337453.32,Gas to NGCC,50.0,5.0,400.0,20.0
703,Plant 703,GA,34.1256,-84.9222,11170637.5,Coal,NGCC,76.40371161859483,1228.770125,111.70637500000001,111.70637500000001,223.41275000000002,111.70637500000001,4133135.875,Coal to NGCC,50.0,5.0,400.0,20.0
963,Plant 963,IL,39.754803,-89.602389,766988.95,Coal,NGCC,-904.960371719192,84.3687845,7.6698895,7.6698895,15.339779,7.6698895,283785.9115,Coal to NGCC,50.0,5.0,400.0,20.0
976,Plant 976,IL,37.619747,-88.953114,767181.57,Gas,NGCC,-397.99259044736175,84.3899727,7.6718157,7.6718157,15.3436314,7.6718157,283857.1809,Gas to NGCC,50.0,5.0,400.0,20.0
983,Plant 983,IN,38.7378,-85.4206,5556354.97,Coal,NGCC,71.50576174699171,611.1990466999999,55.5635497,55.5635497,111.1270994,55.5635497,2055851.3388999999,Coal to NGCC,50.0,5.0,400.0,20.0
1007,Plant 1007,IN,40.0969,-85.9714,920844.42,Gas,NGCC,-594.4072024467289,101.29288620000001,9.2084442,9.2084442,18.4168884,9.2084442,340712.4354,Gas to NGCC,50.0,5.0,400.0,20.0
1082,Plant 1082,IA,41.18,-95.8408,6252607.69,Coal,NGCC,-296.21164377947076,687.7868459000001,62.52607690000001,62.52607690000001,125.05215380000001,62.52607690000001,2313464.8453,Coal to NGCC,50.0,5.0,400.0,20.0
1240,Plant 1240,KS,37.7903,-97.521667,443298.5,Gas,NGCC,-447.47079014113547,48.762835,4.432985,4.432985,8.86597,4.432985,164020.445,Gas to NGCC,50.0,5.0,400.0,20.0
1268,Plant 1268,KS,37.6953,-95.4586,81122.89,Gas,NGCC,-29.1431623614525,8.9235179,0.8112289,0.8112289,1.6224578,0.8112289,30015.4693,Gas to NGCC,50.0,5.0,400.0,20.0
1356,Plant 1356,KY,38.7497,-85.035,10757516.82,Coal,NGCC,78.47148422087035,1183.3268502,107.57516820000001,107.57516820000001,215.15033640000001,107.57516820000001,3980281.2234,Coal to NGCC,50.0,5.0,400.0,20.0
1364,Plant 1364,KY,38.0525,-85.9103,8288373.42,Coal,NGCC,82.80344771714063,911.7210762,82.8837342,82.8837342,165.7674684,82.8837342,3066698.1654,Coal to NGCC,50.0,5.0,400.0,20.0
1384,Plant 1384,KY,36.9981,-84.5919,539135.56,Coal,NGCC,78.36021880441466,59.30491160000001,5.391355600000001,5.391355600000001,10.782711200000001,5.391355600000001,199480.15720000002,Coal to NGCC,50.0,5.0,400.0,20.0
1391,Plant 1391,LA,30.4922,-91.1864,3333297.56,Gas,NGCC,87.66903976295056,366.66273160000003,33.332975600000005,33.332975600000005,66.66595120000001,33.332975600000005,1233320.0972,Gas to NGCC,50.0,5.0,400.0,20.0
1393,Plant 1393,LA,30.2844,-93.2911,1608801.83,Coal,NGCC,58.544531442770236,176.9682013,16.0880183,16.0880183,32.1760366,16.0880183,595256.6771,Coal to NGCC,50.0,5.0,400.0,20.0
1554,Plant 1554,MD,39.1781,-76.5268,92188.99,Oil,NGCC,52.066957135912034,10.1407889,0.9218899000000002,0.9218899000000002,1.8437798000000003,0.9218899000000002,34109.9263,Oil to NGCC,50.0,5.0,400.0,20.0
1556,Plant 1556,MD,39.442836,-76.221761,256047.38,Gas,NGCC,-978.9892181342099,28.1652118,2.5604738000000005,2.5604738000000005,5.120947600000001,2.5604738000000005,94737.5306,Gas to NGCC,50.0,5.0,400.0,20.0
1564,Plant 1564,MD,38.4878,-75.8208,6611.05,Oil,NGCC,32.73225733425382,0.7272155,0.0661105,0.0661105,0.132221,0.0661105,2446.0885,Oil to NGCC,50.0,5.0,400.0,20.0
1573,Plant 1573,MD,38.3592,-76.9767,457.03,Oil,NGCC,63.218453853779636,0.0502733,0.0045703,0.0045703,0.0091406,0.0045703,169.10109999999997,Oil to NGCC,50.0,5.0,400.0,20.0
2079,Plant 2079,MO,39.1306,-94.4778,2829160.54,Coal,NGCC,83.81993035685585,311.2076594,28.2916054,28.2916054,56.5832108,28.2916054,1046789.3998,Coal to NGCC,50.0,5.0,400.0,20.0
2364,Plant 2364,NH,43.1411,-71.4692,180864.42,Coal,NGCC,73.14716759076963,19.8950862,1.8086442000000003,1.8086442000000003,3.6172884000000005,1.8086442000000003,66919.83540000001,Coal to NGCC,50.0,5.0,400.0,20.0
2390,Plant 2390,NJ,40.476525,-74.352336,705.76,Oil,NGCC,35.836961571281016,0.0776336,0.007057600000000001,0.007057600000000001,0.014115200000000001,0.007057600000000001,261.1312,Oil to NGCC,50.0,5.0,400.0,20.0
2493,Plant 2493,NY,40.7281,-73.9742,2132611.0,Gas,NGCC,74.78818401649552,234.58721,21.326110000000003,21.326110000000003,42.65222000000001,21.326110000000003,789066.07,Gas to NGCC,50.0,5.0,400.0,20.0
2504,Plant 2504,NY,40.768,-73.9515,210.0,Oil,NGCC,0.045142723689455,0.023100000000000002,0.0021000000000000003,0.0021000000000000003,0.004200000000000001,0.0021000000000000003,77.7,Oil to NGCC,50.0,5.0,400.0,20.0
2514,Plant 2514,NY,40.827149,-73.647473,969.0,Oil,NGCC,32.00298165187608,0.10659,0.00969,0.00969,0.01938,0.00969,358.53,Oil to NGCC,50.0,5.0,400.0,20.0
2521,Plant 2521,NY,40.695485,-73.348573,40.0,Oil,NGCC,42.95177392460327,0.0044,0.0004,0.0004,0.0008,0.0004,14.8,Oil to NGCC,50.0,5.0,400.0,20.0
2539,Plant 2539,NY,42.594196,-73.763752,4177827.24,Gas,NGCC,-316.07000404087694,459.5609964,41.778272400000006,41.778272400000006,83.55654480000001,41.778272400000006,1545796.0788,Gas to NGCC,50.0,5.0,400.0,20.0
2628,Plant 2628,NY,41.1269,-74.1653,912.4,Gas,NGCC,60.15889995785391,0.100364,0.009124,0.009124,0.018248,0.009124,337.58799999999997,Gas to NGCC,50.0,5.0,400.0,20.0
2632,Plant 2632,NY,41.4278,-74.4186,945.29,Gas,NGCC,69.22356285244855,0.1039819,0.0094529,0.0094529,0.0189058,0.0094529,349.7573,Gas to NGCC,50.0,5.0,400.0,20.0
2712,Plant 2712,NC,36.4833,-79.0731,2390750.27,Coal,NGCC,31.76033000830077,262.9825297,23.907502700000002,23.907502700000002,47.815005400000004,23.907502700000002,884577.5999,Coal to NGCC,50.0,5.0,400.0,20.0
2718,Plant 2718,NC,35.1897,-81.0122,138978.99,Coal,NGCC,65.1363559512484,15.2876889,1.3897899,1.3897899,2.7795798,1.3897899,51422.226299999995,Coal to NGCC,50.0,5.0,400.0,20.0
2721,Plant 2721,NC,35.22,-81.7594,5735134.25,Gas,NGCC,-233.61422913946848,630.8647675,57.3513425,57.3513425,114.702685,57.3513425,2121999.6725,Gas to NGCC,50.0,5.0,400.0,20.0
2828,Plant 2828,OH,40.2522,-80.6486,10415660.46,Coal,NGCC,80.05471289781596,1145.7226506000002,104.15660460000002,104.15660460000002,208.31320920000005,104.15660460000002,3853794.3702000002,Coal to NGCC,50.0,5.0,400.0,20.0
2832,Plant 2832,OH,39.1128,-84.8036,3149522.73,Coal,NGCC,77.19689667127562,346.4475003,31.495227300000003,31.495227300000003,62.99045460000001,31.495227300000003,1165323.4101,Coal to NGCC,50.0,5.0,400.0,20.0
2869,Plant 2869,OH,41.429444,-82.264444,1111697.3,Gas,NGCC,-386.5256705087668,122.286703,11.116973000000002,11.116973000000002,22.233946000000003,11.116973000000002,411328.001,Gas to NGCC,50.0,5.0,400.0,20.0
2876,Plant 2876,OH,38.9144,-82.1289,5212400.49,Coal,NGCC,73.6482004303931,573.3640539,52.12400490000001,52.12400490000001,104.24800980000002,52.12400490000001,1928588.1813,Coal to NGCC,50.0,5.0,400.0,20.0
3006,Plant 3006,OK,35.0847,-98.23,1101809.93,Gas,NGCC,-164.799095770903,121.1990923,11.0180993,11.0180993,22.0361986,11.0180993,407669.67409999995,Gas to NGCC,50.0,5.0,400.0,20.0
3096,Plant 3096,PA,40.464851,-80.043761,82280.82,Gas,NGCC,95.4426837209077,9.050890200000001,0.8228082000000001,0.8228082000000001,1.6456164000000002,0.8228082000000001,30443.903400000003,Gas to NGCC,50.0,5.0,400.0,20.0
3111,Plant 3111,PA,40.12282,-77.1716,3335.42,Oil,NGCC,54.6129978257999,0.3668962,0.0333542,0.0333542,0.0667084,0.0333542,1234.1054,Oil to NGCC,50.0,5.0,400.0,20.0
3113,Plant 3113,PA,40.910205,-75.079398,707.9,Oil,NGCC,70.50657449507042,0.077869,0.007079,0.007079,0.014158,0.007079,261.923,Oil to NGCC,50.0,5.0,400.0,20.0
3118,Plant 3118,PA,40.3842,-79.0611,3136317.76,Coal,NGCC,79.11713240091125,344.9949536,31.3631776,31.3631776,62.7263552,31.3631776,1160437.5712,Coal to NGCC,50.0,5.0,400.0,20.0
3122,Plant 3122,PA,40.512825,-79.196107,1202671.92,Coal,NGCC,71.1074179803848,132.2939112,12.0267192,12.0267192,24.0534384,12.0267192,444988.61039999995,Coal to NGCC,50.0,5.0,400.0,20.0
3132,Plant 3132,PA,41.835947,-79.188668,19611.11,Gas,NGCC,101.31654587630456,2.1572221000000003,0.1961111,0.1961111,0.3922222,0.1961111,7256.1107,Gas to NGCC,50.0,5.0,400.0,20.0
3136,Plant 3136,PA,40.6604,-79.3411,3073565.66,Coal,NGCC,77.79859343006711,338.0922226,30.735656600000006,30.735656600000006,61.47131320000001,30.735656600000006,1137219.2942000001,Coal to NGCC,50.0,5.0,400.0,20.0
3149,Plant 3149,PA,41.0714,-76.6672,640313.57,Gas,NGCC,105.73089570530321,70.43449269999999,6.4031357,6.4031357,12.8062714,6.4031357,236916.02089999997,Gas to NGCC,50.0,5.0,400.0,20.0
3161,Plant 3161,PA,39.858,-75.323,30652.09,Gas,NGCC,86.90634305373767,3.3717299,0.30652090000000004,0.30652090000000004,0.6130418000000001,0.30652090000000004,11341.2733,Gas to NGCC,50.0,5.0,400.0,20.0
3168,Plant 3168,PA,39.984469,-75.075247,826.5,Oil,NGCC,69.3258964265914,0.09091500000000001,0.008265000000000002,0.008265000000000002,0.016530000000000003,0.008265000000000002,305.805,Oil to NGCC,50.0,5.0,400.0,20.0
3236,Plant 3236,RI,41.8167,-71.4042,1203894.25,Gas,NGCC,-427.75430870981967,132.4283675,12.038942500000001,12.038942500000001,24.077885000000002,12.038942500000001,445440.8725,Gas to NGCC,50.0,5.0,400.0,20.0
3285,Plant 3285,SC,32.8265,-79.9634,17468.8,Gas,NGCC,84.92167517725063,1.921568,0.174688,0.174688,0.349376,0.174688,6463.455999999999,Gas to NGCC,50.0,5.0,400.0,20.0
3297,Plant 3297,SC,33.8264,-80.6228,1917449.36,Coal,NGCC,85.45512586816207,210.91942960000003,19.1744936,19.1744936,38.3489872,19.1744936,709456.2632,Coal to NGCC,50.0,5.0,400.0,20.0
3298,Plant 3298,SC,33.0158,-79.9297,2166731.14,Coal,NGCC,74.08402333057327,238.34042540000002,21.667311400000003,21.667311400000003,43.334622800000005,21.667311400000003,801690.5218,Coal to NGCC,50.0,5.0,400.0,20.0
3399,Plant 3399,TN,36.3903,-87.6539,9747990.78,Coal,NGCC,69.90688987638794,1072.2789857999999,97.4799078,97.4799078,194.9598156,97.4799078,3606756.5886,Coal to NGCC,50.0,5.0,400.0,20.0
3403,Plant 3403,TN,36.3156,-86.4006,4308843.25,Coal,NGCC,69.03439003428659,473.9727575,43.0884325,43.0884325,86.176865,43.0884325,1594272.0025,Coal to NGCC,50.0,5.0,400.0,20.0
3407,Plant 3407,TN,35.8992,-84.5194,2801316.27,Coal,NGCC,62.33991222910014,308.1447897,28.013162700000002,28.013162700000002,56.026325400000005,28.013162700000002,1036487.0199,Coal to NGCC,50.0,5.0,400.0,20.0
3559,Plant 3559,TX,25.9131,-97.5214,117878.87,Gas,NGCC,-978.1114263312811,12.9666757,1.1787887000000001,1.1787887000000001,2.3575774000000003,1.1787887000000001,43615.181899999996,Gas to NGCC,50.0,5.0,400.0,20.0
3785,Plant 3785,VA,37.7061,-75.7031,2360.0,Oil,NGCC,31.930509356512676,0.2596,0.023600000000000003,0.023600000000000003,0.047200000000000006,0.023600000000000003,873.2,Oil to NGCC,50.0,5.0,400.0,20.0
3845,Plant 3845,WA,46.755938,-122.859764,4436384.54,Coal,NGCC,64.34431754418637,488.0022994,44.3638454,44.3638454,88.7276908,44.3638454,1641462.2798,Coal to NGCC,50.0,5.0,400.0,20.0
3935,Plant 3935,WV,38.4731,-81.8233,9188631.9,Coal,NGCC,71.84715639977355,1010.7495090000001,91.88631900000001,91.88631900000001,183.77263800000003,91.88631900000001,3399793.8030000003,Coal to NGCC,50.0,5.0,400.0,20.0
3943,Plant 3943,WV,39.710833,-79.9275,4822011.86,Coal,NGCC,86.3725469977066,530.4213046000001,48.220118600000006,48.220118600000006,96.44023720000001,48.220118600000006,1784144.3882000002,Coal to NGCC,50.0,5.0,400.0,20.0
3944,Plant 3944,WV,39.384167,-80.3325,12130598.6,Coal,NGCC,75.50554586672996,1334.365846,121.305986,121.305986,242.611972,121.305986,4488321.482,Coal to NGCC,50.0,5.0,400.0,20.0
3948,Plant 3948,WV,39.8297,-80.8153,3675810.67,Coal,NGCC,69.44398983732012,404.3391737,36.7581067,36.7581067,73.5162134,36.7581067,1360049.9479,Coal to NGCC,50.0,5.0,400.0,20.0
3982,Plant 3982,WI,46.587222,-90.9017,159921.97,Gas,NGCC,32.89925624352601,17.5914167,1.5992197000000001,1.5992197000000001,3.1984394000000003,1.5992197000000001,59171.1289,Gas to NGCC,50.0,5.0,400.0,20.0
4072,Plant 4072,WI,44.54,-88.0086,109037.28,Gas,NGCC,-87.60963111365092,11.9941008,1.0903728000000001,1.0903728000000001,2.1807456000000003,1.0903728000000001,40343.7936,Gas to NGCC,50.0,5.0,400.0,20.0
4078,Plant 4078,WI,44.8606,-89.6553,3804524.77,Coal,NGCC,-413.15438015679644,418.4977247,38.045247700000004,38.045247700000004,76.09049540000001,38.045247700000004,1407674.1649,Coal to NGCC,50.0,5.0,400.0,20.0
4271,Plant 4271,WI,44.303583,-91.912647,1378716.86,Coal,NGCC,55.99326289194126,151.6588546,13.787168600000003,13.787168600000003,27.574337200000006,13.787168600000003,510125.2382,Coal to NGCC,50.0,5.0,400.0,20.0
4937,Plant 4937,TX,30.558,-98.3721,2462503.78,Gas,NGCC,-707.7375974765482,270.8754158,24.6250378,24.6250378,49.2500756,24.6250378,911126.3986,Gas to NGCC,50.0,5.0,400.0,20.0
6002,Plant 6002,AL,33.6319,-87.0597,16992704.5,Coal,NGCC,69.20462644692628,1869.1974950000001,169.92704500000002,169.92704500000002,339.85409000000004,169.92704500000002,6287300.665,Coal to NGCC,50.0,5.0,400.0,20.0
6004,Plant 6004,WV,39.366667,-81.294444,5114154.79,Coal,NGCC,79.06129368618478,562.5570269,51.141547900000006,51.141547900000006,102.28309580000001,51.141547900000006,1892237.2723,Coal to NGCC,50.0,5.0,400.0,20.0
6009,Plant 6009,AR,34.4228,-92.1406,3754794.85,Coal,NGCC,61.044977745168254,413.02743350000003,37.547948500000004,37.547948500000004,75.09589700000001,37.547948500000004,1389274.0945000001,Coal to NGCC,50.0,5.0,400.0,20.0
6018,Plant 6018,KY,38.9036,-84.8514,2456362.62,Coal,NGCC,65.0290068635435,270.19988820000003,24.5636262,24.5636262,49.1272524,24.5636262,908854.1694,Coal to NGCC,50.0,5.0,400.0,20.0
6021,Plant 6021,CO,40.4627,-107.5912,5241766.02,Coal,NGCC,65.30197396320266,576.5942622,52.4176602,52.4176602,104.8353204,52.4176602,1939453.4274,Coal to NGCC,50.0,5.0,400.0,20.0
6041,Plant 6041,KY,38.7,-83.8181,8375444.57,Coal,NGCC,80.52655863735286,921.2989027000001,83.7544457,83.7544457,167.5088914,83.7544457,3098914.4909,Coal to NGCC,50.0,5.0,400.0,20.0
6064,Plant 6064,KS,39.1681,-94.6975,870295.98,Coal,NGCC,63.15749928760228,95.7325578,8.7029598,8.7029598,17.4059196,8.7029598,322009.5126,Coal to NGCC,50.0,5.0,400.0,20.0
6065,Plant 6065,MO,39.4472,-94.98,5346768.04,Coal,NGCC,-639.8565723918342,588.1444844,53.467680400000006,53.467680400000006,106.93536080000001,53.467680400000006,1978304.1748,Coal to NGCC,50.0,5.0,400.0,20.0
6096,Plant 6096,NE,40.6214,-95.7764,6491607.99,Coal,NGCC,-330.4391854973053,714.0768789,64.91607990000001,64.91607990000001,129.83215980000003,64.91607990000001,2401894.9563,Coal to NGCC,50.0,5.0,400.0,20.0
6155,Plant 6155,MO,38.131248,-90.263157,891035.75,Coal,NGCC,80.69245873708971,98.01393250000001,8.9103575,8.9103575,17.820715,8.9103575,329683.2275,Coal to NGCC,50.0,5.0,400.0,20.0
6165,Plant 6165,UT,39.1747,-111.0289,4690299.76,Coal,NGCC,71.00617919246373,515.9329736,46.9029976,46.9029976,93.8059952,46.9029976,1735410.9112,Coal to NGCC,50.0,5.0,400.0,20.0
6178,Plant 6178,TX,28.7128,-97.214167,2851065.68,Coal,NGCC,70.07708053748236,313.61722480000003,28.510656800000003,28.510656800000003,57.021313600000006,28.510656800000003,1054894.3016000001,Coal to NGCC,50.0,5.0,400.0,20.0
6180,Plant 6180,TX,31.1803,-96.4866,13011882.33,Coal,NGCC,-219.6249823814402,1431.3070563,130.1188233,130.1188233,260.2376466,130.1188233,4814396.4621,Coal to NGCC,50.0,5.0,400.0,20.0
6183,Plant 6183,TX,28.7044,-98.4775,1573373.95,Coal,NGCC,54.47149454984428,173.0711345,15.7337395,15.7337395,31.467479,15.7337395,582148.3615,Coal to NGCC,50.0,5.0,400.0,20.0
6190,Plant 6190,LA,31.395,-92.716667,4535779.65,Oil,NGCC,-611.762025666417,498.93576150000007,45.357796500000006,45.357796500000006,90.71559300000001,45.357796500000006,1678238.4705,Oil to NGCC,50.0,5.0,400.0,20.0
6195,Plant 6195,MO,37.151706,-93.38804,2159559.12,Coal,NGCC,-788.627778887116,237.5515032,21.5955912,21.5955912,43.1911824,21.5955912,799036.8744000001,Coal to NGCC,50.0,5.0,400.0,20.0
6204,Plant 6204,WY,42.108889,-104.8825,10239246.69,Coal,NGCC,59.95945949461699,1126.3171359,102.3924669,102.3924669,204.7849338,102.3924669,3788521.2753,Coal to NGCC,50.0,5.0,400.0,20.0
6248,Plant 6248,CO,40.2217,-103.6803,3008781.52,Coal,NGCC,63.379315159465364,330.9659672,30.0878152,30.0878152,60.1756304,30.0878152,1113249.1624,Coal to NGCC,50.0,5.0,400.0,20.0
6249,Plant 6249,SC,33.33184,-79.357236,3064772.25,Coal,NGCC,72.23864560468105,337.1249475,30.647722500000004,30.647722500000004,61.29544500000001,30.647722500000004,1133965.7325,Coal to NGCC,50.0,5.0,400.0,20.0
6257,Plant 6257,GA,33.0606,-83.8075,7368872.0,Coal,NGCC,63.35217798205505,810.57592,73.68872,73.68872,147.37744,73.68872,2726482.64,Coal to NGCC,50.0,5.0,400.0,20.0
6264,Plant 6264,WV,38.9794,-81.9344,5459659.98,Coal,NGCC,80.13484519361796,600.5625978,54.59659980000001,54.59659980000001,109.19319960000001,54.59659980000001,2020074.1926000002,Coal to NGCC,50.0,5.0,400.0,20.0
6641,Plant 6641,AR,35.678442,-91.408761,5050175.82,Coal,NGCC,57.62044506845252,555.5193402000001,50.501758200000005,50.501758200000005,101.00351640000001,50.501758200000005,1868565.0534,Coal to NGCC,50.0,5.0,400.0,20.0
6761,Plant 6761,CO,40.860905,-105.021207,1629501.39,Coal,NGCC,79.70235468196287,179.2451529,16.2950139,16.2950139,32.5900278,16.2950139,602915.5142999999,Coal to NGCC,50.0,5.0,400.0,20.0
6823,Plant 6823,KY,37.4497,-87.0806,3150842.05,Coal,NGCC,64.32240399958565,346.5926255,31.5084205,31.5084205,63.016841,31.5084205,1165811.5584999998,Coal to NGCC,50.0,5.0,400.0,20.0
7097,Plant 7097,TX,29.309722,-98.3203,5409990.16,Coal,NGCC,-400.63879387150035,595.0989176,54.0999016,54.0999016,108.1998032,54.0999016,2001696.3592,Coal to NGCC,50.0,5.0,400.0,20.0
7158,Plant 7158,OH,39.4492,-84.4611,203524.66,Gas,NGCC,78.10722793169296,22.3877126,2.0352466000000002,2.0352466000000002,4.0704932000000005,2.0352466000000002,75304.1242,Gas to NGCC,50.0,5.0,400.0,20.0
7210,Plant 7210,SC,33.3644,-81.03,1476651.41,Gas,NGCC,-13.995525228772834,162.4316551,14.7665141,14.7665141,29.5330282,14.7665141,546361.0216999999,Gas to NGCC,50.0,5.0,400.0,20.0
7325,Plant 7325,TX,29.694838,-95.040622,719261.22,Gas,NGCC,36.95413622439875,79.1187342,7.1926122,7.1926122,14.3852244,7.1926122,266126.6514,Gas to NGCC,50.0,5.0,400.0,20.0
7425,Plant 7425,IL,39.8233,-89.5891,39524.1,Gas,NGCC,-484.70400194468397,4.347651,0.395241,0.395241,0.790482,0.395241,14623.917,Gas to NGCC,50.0,5.0,400.0,20.0
7504,Plant 7504,WY,44.2856,-105.3833,752832.76,Coal,NGCC,-11.422687714288799,82.8116036,7.528327600000001,7.528327600000001,15.056655200000002,7.528327600000001,278548.1212,Coal to NGCC,50.0,5.0,400.0,20.0
7515,Plant 7515,KS,38.38932,-97.61108,13237.53,Gas,NGCC,-945.6863475958584,1.4561283,0.13237530000000003,0.13237530000000003,0.26475060000000006,0.13237530000000003,4897.886100000001,Gas to NGCC,50.0,5.0,400.0,20.0
7527,Plant 7527,CA,38.445681,-121.462387,156613.13,Gas,NGCC,-738.8347982163507,17.227444300000002,1.5661313000000001,1.5661313000000001,3.1322626000000002,1.5661313000000001,57946.8581,Gas to NGCC,50.0,5.0,400.0,20.0
7551,Plant 7551,CA,38.530943,-121.400128,630076.14,Gas,NGCC,-353.20796867555725,69.3083754,6.300761400000001,6.300761400000001,12.601522800000001,6.300761400000001,233128.1718,Gas to NGCC,50.0,5.0,400.0,20.0
7699,Plant 7699,FL,27.746369,-81.849446,736121.22,Gas,NGCC,-54.906221856248536,80.9733342,7.361212200000001,7.361212200000001,14.722424400000001,7.361212200000001,272364.8514,Gas to NGCC,50.0,5.0,400.0,20.0
7749,Plant 7749,MO,36.868206,-89.840173,73788.48,Gas,NGCC,-181.3923209557774,8.1167328,0.7378848,0.7378848,1.4757696,0.7378848,27301.737599999997,Gas to NGCC,50.0,5.0,400.0,20.0
7759,Plant 7759,IN,39.902556,-86.24405,340512.57,Gas,NGCC,-659.8990242262989,37.4563827,3.4051257,3.4051257,6.8102514,3.4051257,125989.65090000001,Gas to NGCC,50.0,5.0,400.0,20.0
7763,Plant 7763,IN,39.9528,-85.5039,253972.89,Gas,NGCC,-435.04420005131846,27.937017900000004,2.5397289000000005,2.5397289000000005,5.079457800000001,2.5397289000000005,93969.9693,Gas to NGCC,50.0,5.0,400.0,20.0
7768,Plant 7768,GA,31.3869,-84.08,79937.7,Gas,NGCC,-595.2618778085008,8.793147,0.799377,0.799377,1.598754,0.799377,29576.948999999997,Gas to NGCC,50.0,5.0,400.0,20.0
7790,Plant 7790,UT,40.0864,-109.2844,3662057.25,Coal,NGCC,70.23141762372207,402.8262975,36.6205725,36.6205725,73.241145,36.6205725,1354961.1824999999,Coal to NGCC,50.0,5.0,400.0,20.0
7825,Plant 7825,AR,33.6094,-93.7924,146823.89,Gas,NGCC,-103.45023504335374,16.150627900000003,1.4682389000000002,1.4682389000000002,2.9364778000000005,1.4682389000000002,54324.83930000001,Gas to NGCC,50.0,5.0,400.0,20.0
7826,Plant 7826,NC,35.7314,-80.6019,2967899.75,Gas,NGCC,-677.4551134307525,326.4689725,29.6789975,29.6789975,59.357995,29.6789975,1098122.9075,Gas to NGCC,50.0,5.0,400.0,20.0
7829,Plant 7829,GA,32.9842,-83.8464,156370.18,Gas,NGCC,-403.5639891161933,17.200719799999998,1.5637018,1.5637018,3.1274036,1.5637018,57856.9666,Gas to NGCC,50.0,5.0,400.0,20.0
7834,Plant 7834,SC,34.347734,-82.774478,4486453.4,Gas,NGCC,-433.2090768118977,493.5098740000001,44.864534000000006,44.864534000000006,89.72906800000001,44.864534000000006,1659987.7580000001,Gas to NGCC,50.0,5.0,400.0,20.0
7846,Plant 7846,FL,30.320556,-81.947222,3307524.31,Gas,NGCC,-300.7962208452005,363.8276741,33.0752431,33.0752431,66.1504862,33.0752431,1223783.9947,Gas to NGCC,50.0,5.0,400.0,20.0
7848,Plant 7848,MO,38.7538,-93.9983,195009.25,Gas,NGCC,-821.2729155746902,21.451017500000003,1.9500925000000002,1.9500925000000002,3.9001850000000005,1.9500925000000002,72153.4225,Gas to NGCC,50.0,5.0,400.0,20.0
7863,Plant 7863,WI,44.902814,-91.568096,35349.0,Gas,NGCC,-631.3471949556188,3.8883900000000002,0.35349,0.35349,0.70698,0.35349,13079.13,Gas to NGCC,50.0,5.0,400.0,20.0
7869,Plant 7869,NY,40.8275,-73.6478,162159.43,Gas,NGCC,-306.385624596443,17.8375373,1.6215943000000002,1.6215943000000002,3.2431886000000003,1.6215943000000002,59998.9891,Gas to NGCC,50.0,5.0,400.0,20.0
7870,Plant 7870,WA,48.746,-122.486,630305.53,Gas,NGCC,128.2687593085451,69.33360830000001,6.3030553000000005,6.3030553000000005,12.606110600000001,6.3030553000000005,233213.0461,Gas to NGCC,50.0,5.0,400.0,20.0
7903,Plant 7903,MO,37.248431,-93.170839,93575.22,Gas,NGCC,-458.37886258337625,10.2932742,0.9357522,0.9357522,1.8715044,0.9357522,34622.8314,Gas to NGCC,50.0,5.0,400.0,20.0
7909,Plant 7909,NY,40.7537,-73.9508,128494.25,Gas,NGCC,-240.01636446021647,14.1343675,1.2849425,1.2849425,2.569885,1.2849425,47542.8725,Gas to NGCC,50.0,5.0,400.0,20.0
7910,Plant 7910,NY,40.6631,-74.0,58593.18,Gas,NGCC,-800.9692308765452,6.4452498,0.5859318,0.5859318,1.1718636,0.5859318,21679.476599999998,Gas to NGCC,50.0,5.0,400.0,20.0
7912,Plant 7912,NY,40.787062,-73.293412,38967.29,Gas,NGCC,-177.16179286912245,4.2864019,0.38967290000000004,0.38967290000000004,0.7793458000000001,0.38967290000000004,14417.8973,Gas to NGCC,50.0,5.0,400.0,20.0
7913,Plant 7913,NY,40.799,-73.9094,108070.81,Gas,NGCC,-310.93829559667563,11.8877891,1.0807081,1.0807081,2.1614162,1.0807081,39986.1997,Gas to NGCC,50.0,5.0,400.0,20.0
7914,Plant 7914,NY,40.7991,-73.9156,100567.97,Gas,NGCC,-396.2886853406188,11.062476700000001,1.0056797000000002,1.0056797000000002,2.0113594000000004,1.0056797000000002,37210.1489,Gas to NGCC,50.0,5.0,400.0,20.0
7915,Plant 7915,NY,40.7171,-73.9664,34991.52,Gas,NGCC,-221.4042822914657,3.8490672,0.3499152,0.3499152,0.6998304,0.3499152,12946.862399999998,Gas to NGCC,50.0,5.0,400.0,20.0
7917,Plant 7917,GA,33.4072,-85.0386,3611215.64,Gas,NGCC,-244.91663666644695,397.23372040000004,36.1121564,36.1121564,72.2243128,36.1121564,1336149.7868000001,Gas to NGCC,50.0,5.0,400.0,20.0
7928,Plant 7928,KS,38.532161,-94.902633,44044.71,Gas,NGCC,-587.558292805151,4.8449181,0.44044710000000004,0.44044710000000004,0.8808942000000001,0.44044710000000004,16296.5427,Gas to NGCC,50.0,5.0,400.0,20.0
7946,Plant 7946,GA,33.4083,-85.0403,1998559.85,Gas,NGCC,-257.15821211157447,219.8415835,19.985598500000002,19.985598500000002,39.971197000000004,19.985598500000002,739467.1445,Gas to NGCC,50.0,5.0,400.0,20.0
7953,Plant 7953,ID,43.179176,-115.734315,571332.77,Gas,NGCC,-441.41773768090496,62.84660470000001,5.713327700000001,5.713327700000001,11.426655400000001,5.713327700000001,211393.1249,Gas to NGCC,50.0,5.0,400.0,20.0
7967,Plant 7967,NM,32.35051,-108.69799,112278.6,Gas,NGCC,-276.37164097200304,12.350646000000001,1.122786,1.122786,2.245572,1.122786,41543.082,Gas to NGCC,50.0,5.0,400.0,20.0
7975,Plant 7975,NM,32.2363,-108.5494,291469.85,Gas,NGCC,-845.4867055517192,32.0616835,2.9146985,2.9146985,5.829397,2.9146985,107843.84449999999,Gas to NGCC,50.0,5.0,400.0,20.0
7984,Plant 7984,MI,44.6889,-85.2019,55890.32,Gas,NGCC,-128.5497706437701,6.1479352,0.5589032,0.5589032,1.1178064,0.5589032,20679.4184,Gas to NGCC,50.0,5.0,400.0,20.0
7985,Plant 7985,IA,41.5563,-93.5283,1412629.05,Gas,NGCC,-392.4557626341521,155.3891955,14.126290500000001,14.126290500000001,28.252581000000003,14.126290500000001,522672.7485,Gas to NGCC,50.0,5.0,400.0,20.0
7988,Plant 7988,MS,31.6004,-89.9468,213032.11,Gas,NGCC,-882.7459090066266,23.4335321,2.1303211,2.1303211,4.2606422,2.1303211,78821.8807,Gas to NGCC,50.0,5.0,400.0,20.0
7989,Plant 7989,MS,31.982076,-89.412714,290182.09,Gas,NGCC,-435.80980224668554,31.920029900000003,2.9018209000000006,2.9018209000000006,5.803641800000001,2.9018209000000006,107367.3733,Gas to NGCC,50.0,5.0,400.0,20.0
7991,Plant 7991,WI,43.075071,-89.4251,430853.35,Gas,NGCC,-673.8218217948881,47.393868499999996,4.3085335,4.3085335,8.617067,4.3085335,159415.7395,Gas to NGCC,50.0,5.0,400.0,20.0
8000,Plant 8000,NE,40.330184,-96.808153,596118.49,Gas,NGCC,-879.2942741725275,65.5730339,5.9611849,5.9611849,11.9223698,5.9611849,220563.8413,Gas to NGCC,50.0,5.0,400.0,20.0
8007,Plant 8007,NY,40.817037,-73.066265,25171.0,Oil,NGCC,96.75346824528668,2.76881,0.25171000000000004,0.25171000000000004,0.5034200000000001,0.25171000000000004,9313.27,Oil to NGCC,50.0,5.0,400.0,20.0
8012,Plant 8012,PA,40.08,-74.8917,659.91,Oil,NGCC,52.242839425021664,0.0725901,0.0065991,0.0065991,0.0131982,0.0065991,244.1667,Oil to NGCC,50.0,5.0,400.0,20.0
8031,Plant 8031,IA,43.094,-93.292222,2968155.02,Gas,NGCC,-428.0687863385047,326.49705220000004,29.681550200000004,29.681550200000004,59.36310040000001,29.681550200000004,1098217.3574,Gas to NGCC,50.0,5.0,400.0,20.0
8053,Plant 8053,NY,40.6182,-74.06849,46281.09,Gas,NGCC,-113.6584675822238,5.090919899999999,0.4628109,0.4628109,0.9256218,0.4628109,17124.0033,Gas to NGCC,50.0,5.0,400.0,20.0
8069,Plant 8069,UT,39.3792,-111.0781,3830775.89,Coal,NGCC,69.83936212158018,421.38534790000006,38.3077589,38.3077589,76.6155178,38.3077589,1417387.0793,Coal to NGCC,50.0,5.0,400.0,20.0
8102,Plant 8102,OH,38.9347,-82.1158,14678632.01,Coal,NGCC,76.24886613012725,1614.6495211000001,146.7863201,146.7863201,293.5726402,146.7863201,5431093.8437,Coal to NGCC,50.0,5.0,400.0,20.0
8223,Plant 8223,AZ,34.3186,-109.1639,7708510.81,Coal,NGCC,-599.3505189501863,847.9361891,77.0851081,77.0851081,154.1702162,77.0851081,2852148.9997,Coal to NGCC,50.0,5.0,400.0,20.0
8224,Plant 8224,NV,40.881317,-117.151605,1207285.13,Coal,NGCC,64.34033530622972,132.8013643,12.0728513,12.0728513,24.1457026,12.0728513,446695.49809999997,Coal to NGCC,50.0,5.0,400.0,20.0
10649,Plant 10649,CA,35.419181,-118.926643,48863.68,Gas,NGCC,-120.25581731675517,5.3750048,0.48863680000000004,0.48863680000000004,0.9772736000000001,0.48863680000000004,18079.5616,Gas to NGCC,50.0,5.0,400.0,20.0
10678,Plant 10678,MD,39.595171,-78.745333,658186.54,Coal,NGCC,-34.15007483701505,72.40051940000001,6.581865400000001,6.581865400000001,13.163730800000002,6.581865400000001,243529.0198,Coal to NGCC,50.0,5.0,400.0,20.0
50458,Plant 50458,NY,43.25,-73.8125,523187.5,Gas,NGCC,24.80004834046564,57.550625000000004,5.2318750000000005,5.2318750000000005,10.463750000000001,5.2318750000000005,193579.375,Gas to NGCC,50.0,5.0,400.0,20.0
50555,Plant 50555,NC,36.4517,-77.6594,5041.22,Oil,NGCC,57.70492295292895,0.5545342000000001,0.050412200000000004,0.050412200000000004,0.10082440000000001,0.050412200000000004,1865.2514,Oil to NGCC,50.0,5.0,400.0,20.0
54365,Plant 54365,FL,27.87082,-81.825061,430076.54,Gas,NGCC,-491.2587680655956,47.3084194,4.3007654,4.3007654,8.6015308,4.3007654,159128.3198,Gas to NGCC,50.0,5.0,400.0,20.0
54761,Plant 54761,OR,45.8042,-119.37,3031264.24,Gas,NGCC,-346.24589088056086,333.43906640000006,30.312642400000005,30.312642400000005,60.62528480000001,30.312642400000005,1121567.7688,Gas to NGCC,50.0,5.0,400.0,20.0
54785,Plant 54785,PA,39.942219,-75.188069,895049.45,Gas,NGCC,-16.121151131229926,98.4554395,8.9504945,8.9504945,17.900989,8.9504945,331168.2965,Gas to NGCC,50.0,5.0,400.0,20.0
54832,Plant 54832,MD,38.6681,-76.8678,662763.65,Gas,NGCC,-513.0639241950214,72.9040015,6.6276365,6.6276365,13.255273,6.6276365,245222.5505,Gas to NGCC,50.0,5.0,400.0,20.0
54914,Plant 54914,NY,40.699357,-73.976392,1679381.57,Gas,NGCC,-69.26380444917307,184.7319727,16.793815700000003,16.793815700000003,33.58763140000001,16.793815700000003,621371.1809,Gas to NGCC,50.0,5.0,400.0,20.0
55011,Plant 55011,WI,42.855463,-88.72992,669281.87,Gas,NGCC,-246.30506478924886,73.6210057,6.6928187,6.6928187,13.3856374,6.6928187,247634.29189999998,Gas to NGCC,50.0,5.0,400.0,20.0
55015,Plant 55015,TX,29.0728,-95.745,3324179.91,Gas,NGCC,3.1567411997744266,365.6597901,33.2417991,33.2417991,66.4835982,33.2417991,1229946.5667,Gas to NGCC,50.0,5.0,400.0,20.0
55026,Plant 55026,MA,41.8312,-71.1239,355696.13,Gas,NGCC,-46.049717758008896,39.1265743,3.5569613,3.5569613,7.1139226,3.5569613,131607.5681,Gas to NGCC,50.0,5.0,400.0,20.0
55029,Plant 55029,WI,44.44861,-88.07204,148107.72,Gas,NGCC,-146.31497970273148,16.2918492,1.4810772,1.4810772,2.9621544,1.4810772,54799.8564,Gas to NGCC,50.0,5.0,400.0,20.0
55031,Plant 55031,ME,44.506315,-70.242312,83586.33,Gas,NGCC,-950.4954804710188,9.1944963,0.8358633000000001,0.8358633000000001,1.6717266000000002,0.8358633000000001,30926.9421,Gas to NGCC,50.0,5.0,400.0,20.0
55042,Plant 55042,CT,41.1692,-73.1844,2684791.22,Gas,NGCC,-151.9298896156272,295.3270342,26.847912200000003,26.847912200000003,53.69582440000001,26.847912200000003,993372.7514000001,Gas to NGCC,50.0,5.0,400.0,20.0
55043,Plant 55043,SC,35.0727,-81.613,79838.63,Gas,NGCC,-539.6705611906906,8.7822493,0.7983863000000001,0.7983863000000001,1.5967726000000002,0.7983863000000001,29540.293100000003,Gas to NGCC,50.0,5.0,400.0,20.0
55062,Plant 55062,TX,30.5924,-95.9178,4269599.22,Gas,NGCC,-673.682465832135,469.6559142,42.6959922,42.6959922,85.3919844,42.6959922,1579751.7114,Gas to NGCC,50.0,5.0,400.0,20.0
55063,Plant 55063,MS,34.3356,-89.9275,4650829.66,Gas,NGCC,-667.4869128093384,511.59126260000005,46.50829660000001,46.50829660000001,93.01659320000002,46.50829660000001,1720806.9742,Gas to NGCC,50.0,5.0,400.0,20.0
55065,Plant 55065,TX,32.9728,-102.7417,2135785.83,Gas,NGCC,-229.7246659679475,234.9364413,21.357858300000004,21.357858300000004,42.71571660000001,21.357858300000004,790240.7571,Gas to NGCC,50.0,5.0,400.0,20.0
55068,Plant 55068,ME,44.8242,-68.7094,593806.99,Gas,NGCC,-688.4486284693071,65.3187689,5.9380699,5.9380699,11.8761398,5.9380699,219708.5863,Gas to NGCC,50.0,5.0,400.0,20.0
55077,Plant 55077,NV,35.788889,-114.994167,1688385.07,Gas,NGCC,-641.0377350586537,185.7223577,16.883850700000004,16.883850700000004,33.76770140000001,16.883850700000004,624702.4759,Gas to NGCC,50.0,5.0,400.0,20.0
55079,Plant 55079,MA,42.112291,-72.015113,418656.19,Gas,NGCC,-553.3532447871444,46.0521809,4.1865619,4.1865619,8.3731238,4.1865619,154902.7903,Gas to NGCC,50.0,5.0,400.0,20.0
55086,Plant 55086,TX,27.88929,-97.258417,372717.37,Gas,NGCC,-827.7008808715233,40.9989107,3.7271737000000003,3.7271737000000003,7.4543474000000005,3.7271737000000003,137905.4269,Gas to NGCC,50.0,5.0,400.0,20.0
55087,Plant 55087,MI,42.8206,-85.9975,4785052.96,Gas,NGCC,-338.81358323171906,526.3558256,47.8505296,47.8505296,95.7010592,47.8505296,1770469.5951999999,Gas to NGCC,50.0,5.0,400.0,20.0
55088,Plant 55088,MI,42.3026,-83.154,3627979.0,Gas,NGCC,22.627967492558643,399.07769,36.279790000000006,36.279790000000006,72.55958000000001,36.279790000000006,1342352.23,Gas to NGCC,50.0,5.0,400.0,20.0
55089,Plant 55089,LA,29.9888,-90.4599,3861354.67,Gas,NGCC,-128.14623278813036,424.74901370000003,38.6135467,38.6135467,77.2270934,38.6135467,1428701.2279,Gas to NGCC,50.0,5.0,400.0,20.0
55101,Plant 55101,MI,42.281345,-85.494956,188487.02,Gas,NGCC,54.92982887725975,20.7335722,1.8848702,1.8848702,3.7697404,1.8848702,69740.19739999999,Gas to NGCC,50.0,5.0,400.0,20.0
55103,Plant 55103,OR,42.173889,-121.810556,2986868.27,Gas,NGCC,-10.342366671133416,328.5555097,29.868682700000004,29.868682700000004,59.73736540000001,29.868682700000004,1105141.2599,Gas to NGCC,50.0,5.0,400.0,20.0
55107,Plant 55107,RI,41.8017,-71.5186,3680824.15,Gas,NGCC,-33.56181737515806,404.8906565,36.8082415,36.8082415,73.616483,36.8082415,1361904.9355,Gas to NGCC,50.0,5.0,400.0,20.0
55117,Plant 55117,LA,30.221,-93.2826,2168028.74,Gas,NGCC,-95.6296911269928,238.48316140000003,21.680287400000005,21.680287400000005,43.36057480000001,21.680287400000005,802170.6338000001,Gas to NGCC,50.0,5.0,400.0,20.0
55124,Plant 55124,AZ,35.054029,-114.133272,3774421.06,Gas,NGCC,-100.459424779943,415.1863166,37.7442106,37.7442106,75.4884212,37.7442106,1396535.7922,Gas to NGCC,50.0,5.0,400.0,20.0
55127,Plant 55127,CO,40.217143,-103.68504,359995.89,Gas,NGCC,-282.90856886405663,39.599547900000005,3.5999589000000003,3.5999589000000003,7.199917800000001,3.5999589000000003,133198.4793,Gas to NGCC,50.0,5.0,400.0,20.0
55135,Plant 55135,WI,44.1936,-88.5064,612717.6,Gas,NGCC,-138.2498553310668,67.398936,6.127176,6.127176,12.254352,6.127176,226705.512,Gas to NGCC,50.0,5.0,400.0,20.0
55139,Plant 55139,TX,32.33422,-97.731686,3221166.35,Gas,NGCC,-698.6758643834617,354.3282985,32.2116635,32.2116635,64.423327,32.2116635,1191831.5495,Gas to NGCC,50.0,5.0,400.0,20.0
55141,Plant 55141,GA,33.358472,-84.991391,570466.1,Gas,NGCC,-461.7893018338871,62.751271,5.704661000000001,5.704661000000001,11.409322000000001,5.704661000000001,211072.457,Gas to NGCC,50.0,5.0,400.0,20.0
55144,Plant 55144,TX,29.7806,-97.9894,4802960.88,Gas,NGCC,-534.4547298866569,528.3256968000001,48.029608800000005,48.029608800000005,96.05921760000001,48.029608800000005,1777095.5256,Gas to NGCC,50.0,5.0,400.0,20.0
55149,Plant 55149,CT,41.872043,-71.895799,3717837.89,Gas,NGCC,-77.15508344428551,408.96216790000005,37.178378900000006,37.178378900000006,74.35675780000001,37.178378900000006,1375600.0193,Gas to NGCC,50.0,5.0,400.0,20.0
55153,Plant 55153,TX,29.6244,-98.1419,7173679.85,Gas,NGCC,-613.4936705109814,789.1047834999999,71.7367985,71.7367985,143.473597,71.7367985,2654261.5445,Gas to NGCC,50.0,5.0,400.0,20.0
55154,Plant 55154,TX,30.1478,-97.2714,2141537.16,Gas,NGCC,-126.53462141736317,235.56908760000002,21.415371600000004,21.415371600000004,42.83074320000001,21.415371600000004,792368.7492000001,Gas to NGCC,50.0,5.0,400.0,20.0
55168,Plant 55168,TX,30.1458,-97.55,3101038.36,Gas,NGCC,-277.9089480157264,341.1142196,31.0103836,31.0103836,62.0207672,31.0103836,1147384.1931999999,Gas to NGCC,50.0,5.0,400.0,20.0
55170,Plant 55170,NH,42.9042,-71.4261,2266433.15,Gas,NGCC,-308.1521398887197,249.3076465,22.6643315,22.6643315,45.328663,22.6643315,838580.2655,Gas to NGCC,50.0,5.0,400.0,20.0
55176,Plant 55176,TX,32.4481,-94.6903,2688528.46,Gas,NGCC,-11.622055205133472,295.73813060000003,26.885284600000002,26.885284600000002,53.770569200000004,26.885284600000002,994755.5301999999,Gas to NGCC,50.0,5.0,400.0,20.0
55177,Plant 55177,AZ,34.8678,-114.5317,2754750.55,Gas,NGCC,-367.93527533585547,303.0225605,27.5475055,27.5475055,55.095011,27.5475055,1019257.7035,Gas to NGCC,50.0,5.0,400.0,20.0
55178,Plant 55178,MO,38.7931,-94.3006,2689483.08,Gas,NGCC,-457.996183657007,295.8431388,26.894830800000005,26.894830800000005,53.78966160000001,26.894830800000005,995108.7396,Gas to NGCC,50.0,5.0,400.0,20.0
55182,Plant 55182,CA,35.2097,-119.585,2916903.62,Gas,NGCC,-843.1790997275175,320.85939820000004,29.169036200000004,29.169036200000004,58.33807240000001,29.169036200000004,1079254.3394,Gas to NGCC,50.0,5.0,400.0,20.0
55187,Plant 55187,TX,29.836952,-95.121744,7701995.26,Gas,NGCC,-299.62471483778023,847.2194786,77.01995260000001,77.01995260000001,154.03990520000002,77.01995260000001,2849738.2462,Gas to NGCC,50.0,5.0,400.0,20.0
55193,Plant 55193,PA,40.4219,-75.9356,4204295.45,Gas,NGCC,-111.21501056144106,462.4724995,42.04295450000001,42.04295450000001,84.08590900000002,42.04295450000001,1555589.3165,Gas to NGCC,50.0,5.0,400.0,20.0
55196,Plant 55196,PA,40.546667,-79.768333,133881.83,Gas,NGCC,-195.5220342691626,14.7270013,1.3388183,1.3388183,2.6776366,1.3388183,49536.27709999999,Gas to NGCC,50.0,5.0,400.0,20.0
55206,Plant 55206,TX,27.8139,-97.4283,3150331.29,Gas,NGCC,-112.67202341647862,346.5364419,31.503312900000005,31.503312900000005,63.00662580000001,31.503312900000005,1165622.5773,Gas to NGCC,50.0,5.0,400.0,20.0
55211,Plant 55211,MA,42.110577,-71.453468,2005161.93,Gas,NGCC,-35.03485271304438,220.5678123,20.051619300000002,20.051619300000002,40.103238600000005,20.051619300000002,741909.9140999999,Gas to NGCC,50.0,5.0,400.0,20.0
55212,Plant 55212,MA,42.059876,-71.515811,1838494.86,Gas,NGCC,-45.54516224228264,202.23443460000001,18.3849486,18.3849486,36.7698972,18.3849486,680243.0982,Gas to NGCC,50.0,5.0,400.0,20.0
55217,Plant 55217,CA,38.030071,-121.873004,3460925.41,Gas,NGCC,-236.16919883328842,380.7017951,34.6092541,34.6092541,69.2185082,34.6092541,1280542.4017,Gas to NGCC,50.0,5.0,400.0,20.0
55218,Plant 55218,MS,32.378969,-90.219906,3300395.67,Gas,NGCC,-679.6231253339271,363.0435237,33.0039567,33.0039567,66.0079134,33.0039567,1221146.3979,Gas to NGCC,50.0,5.0,400.0,20.0
55220,Plant 55220,MS,33.0147,-89.6753,2983680.09,Gas,NGCC,-130.81182384445515,328.2048099,29.8368009,29.8368009,59.6736018,29.8368009,1103961.6332999999,Gas to NGCC,50.0,5.0,400.0,20.0
55223,Plant 55223,TX,32.32,-96.675,1475763.39,Gas,NGCC,-132.82400808967813,162.3339729,14.7576339,14.7576339,29.5152678,14.7576339,546032.4543,Gas to NGCC,50.0,5.0,400.0,20.0
55226,Plant 55226,TX,31.8907,-96.1131,7765041.24,Gas,NGCC,-996.0689675289585,854.1545364000001,77.65041240000001,77.65041240000001,155.30082480000002,77.65041240000001,2873065.2588,Gas to NGCC,50.0,5.0,400.0,20.0
55231,Plant 55231,PA,39.8614,-75.3358,4083189.7,Gas,NGCC,40.02007526441584,449.15086700000006,40.831897000000005,40.831897000000005,81.66379400000001,40.831897000000005,1510780.189,Gas to NGCC,50.0,5.0,400.0,20.0
55239,Plant 55239,NJ,40.448674,-74.348879,2653850.14,Gas,NGCC,-560.333774913863,291.92351540000004,26.538501400000005,26.538501400000005,53.07700280000001,26.538501400000005,981924.5518,Gas to NGCC,50.0,5.0,400.0,20.0
55242,Plant 55242,FL,30.5664,-87.115,1171577.99,Gas,NGCC,-148.7415472140401,128.8735789,11.715779900000001,11.715779900000001,23.431559800000002,11.715779900000001,433483.8563,Gas to NGCC,50.0,5.0,400.0,20.0
55259,Plant 55259,IN,41.6739,-87.4775,2267428.2,Gas,NGCC,-90.51167918750791,249.41710200000003,22.674282000000005,22.674282000000005,45.34856400000001,22.674282000000005,838948.434,Gas to NGCC,50.0,5.0,400.0,20.0
55282,Plant 55282,AZ,33.3417,-112.8897,3616696.63,Gas,NGCC,-235.86361033660987,397.8366293,36.1669663,36.1669663,72.3339326,36.1669663,1338177.7530999999,Gas to NGCC,50.0,5.0,400.0,20.0
55283,Plant 55283,CO,38.6281,-104.7069,2091055.27,Gas,NGCC,-567.1642431257077,230.0160797,20.9105527,20.9105527,41.8211054,20.9105527,773690.4499,Gas to NGCC,50.0,5.0,400.0,20.0
55293,Plant 55293,AL,34.6397,-87.0639,5593033.39,Gas,NGCC,-468.31833750636036,615.2336729,55.9303339,55.9303339,111.8606678,55.9303339,2069422.3542999998,Gas to NGCC,50.0,5.0,400.0,20.0
55295,Plant 55295,CA,33.6157,-114.6865,1112499.62,Gas,NGCC,-496.55093776735697,122.37495820000002,11.124996200000002,11.124996200000002,22.249992400000004,11.124996200000002,411624.8594,Gas to NGCC,50.0,5.0,400.0,20.0
55297,Plant 55297,MI,42.32238,-86.29368,6553330.13,Gas,NGCC,-734.359163125433,720.8663143,65.5333013,65.5333013,131.0666026,65.5333013,2424732.1481,Gas to NGCC,50.0,5.0,400.0,20.0
55299,Plant 55299,TX,29.7189,-95.2319,5665685.49,Gas,NGCC,-873.0792640452968,623.2254039000001,56.656854900000006,56.656854900000006,113.31370980000001,56.656854900000006,2096303.6313,Gas to NGCC,50.0,5.0,400.0,20.0
55327,Plant 55327,TX,29.7731,-94.9019,5418744.17,Gas,NGCC,-493.3257832444679,596.0618587,54.1874417,54.1874417,108.3748834,54.1874417,2004935.3429,Gas to NGCC,50.0,5.0,400.0,20.0
55328,Plant 55328,OR,45.794046,-119.313323,4017063.53,Gas,NGCC,-72.71908216581842,441.8769883,40.1706353,40.1706353,80.3412706,40.1706353,1486313.5060999999,Gas to NGCC,50.0,5.0,400.0,20.0
55333,Plant 55333,CA,38.0169,-121.8439,4340912.9,Gas,NGCC,-952.9529905633433,477.5004190000001,43.40912900000001,43.40912900000001,86.81825800000001,43.40912900000001,1606137.773,Gas to NGCC,50.0,5.0,400.0,20.0
55334,Plant 55334,IL,39.223144,-88.758406,2582947.5,Gas,NGCC,-665.3032343822233,284.124225,25.829475000000002,25.829475000000002,51.658950000000004,25.829475000000002,955690.575,Gas to NGCC,50.0,5.0,400.0,20.0
55337,Plant 55337,PA,40.3509,-76.3658,2853145.21,Gas,NGCC,-111.5424565671794,313.8459731,28.531452100000003,28.531452100000003,57.062904200000006,28.531452100000003,1055663.7277,Gas to NGCC,50.0,5.0,400.0,20.0
55340,Plant 55340,AR,35.8619,-90.0253,4177274.12,Gas,NGCC,-388.6100394475602,459.50015320000006,41.772741200000006,41.772741200000006,83.54548240000001,41.772741200000006,1545591.4244000001,Gas to NGCC,50.0,5.0,400.0,20.0
55347,Plant 55347,PA,40.638021,-79.351725,1124287.0,Gas,NGCC,-560.969679056117,123.67157,11.242870000000002,11.242870000000002,22.485740000000003,11.242870000000002,415986.19,Gas to NGCC,50.0,5.0,400.0,20.0
55348,Plant 55348,OH,41.47724,-83.45983,831564.74,Gas,NGCC,-927.1073195780302,91.4721214,8.315647400000001,8.315647400000001,16.631294800000003,8.315647400000001,307678.9538,Gas to NGCC,50.0,5.0,400.0,20.0
55349,Plant 55349,WV,39.3325,-81.3642,2246086.31,Gas,NGCC,105.33634458815348,247.06949410000001,22.4608631,22.4608631,44.9217262,22.4608631,831051.9347,Gas to NGCC,50.0,5.0,400.0,20.0
55357,Plant 55357,TX,29.4731,-95.6244,3395764.11,Gas,NGCC,-455.0237897687749,373.5340521,33.957641100000004,33.957641100000004,67.91528220000001,33.957641100000004,1256432.7207,Gas to NGCC,50.0,5.0,400.0,20.0
55364,Plant 55364,IN,39.3931,-87.5108,2996650.84,Gas,NGCC,-351.60167394654775,329.6315924,29.966508400000002,29.966508400000002,59.933016800000004,29.966508400000002,1108760.8107999999,Gas to NGCC,50.0,5.0,400.0,20.0
55365,Plant 55365,TX,29.7028,-95.0718,190541.33,Gas,NGCC,-748.7428328582847,20.9595463,1.9054133,1.9054133,3.8108266,1.9054133,70500.29209999999,Gas to NGCC,50.0,5.0,400.0,20.0
55377,Plant 55377,PA,39.7475,-79.838888,133172.76,Gas,NGCC,-220.98560388139816,14.649003600000002,1.3317276000000002,1.3317276000000002,2.6634552000000005,1.3317276000000002,49273.921200000004,Gas to NGCC,50.0,5.0,400.0,20.0
55382,Plant 55382,GA,34.7094,-84.9175,9069142.34,Gas,NGCC,-704.431500426017,997.6056574,90.6914234,90.6914234,181.3828468,90.6914234,3355582.6658,Gas to NGCC,50.0,5.0,400.0,20.0
55386,Plant 55386,SC,33.8697,-81.0178,2545481.47,Gas,NGCC,-681.376584258091,280.0029617,25.454814700000004,25.454814700000004,50.90962940000001,25.454814700000004,941828.1439,Gas to NGCC,50.0,5.0,400.0,20.0
55391,Plant 55391,WI,42.9767,-89.0492,543714.99,Gas,NGCC,-519.1153704280473,59.8086489,5.4371499000000005,5.4371499000000005,10.874299800000001,5.4371499000000005,201174.5463,Gas to NGCC,50.0,5.0,400.0,20.0
55401,Plant 55401,OH,39.0839,-82.3328,1933400.91,Gas,NGCC,-480.0399510313996,212.6741001,19.3340091,19.3340091,38.6680182,19.3340091,715358.3367,Gas to NGCC,50.0,5.0,400.0,20.0
55402,Plant 55402,MI,43.1864,-84.8429,1523848.92,Gas,NGCC,-382.5065247808468,167.6233812,15.2384892,15.2384892,30.4769784,15.2384892,563824.1004,Gas to NGCC,50.0,5.0,400.0,20.0
55404,Plant 55404,LA,30.2294,-91.065,3395830.42,Gas,NGCC,-134.26505195036512,373.5413462,33.9583042,33.9583042,67.9166084,33.9583042,1256457.2554,Gas to NGCC,50.0,5.0,400.0,20.0
55406,Plant 55406,GA,32.277252,-81.284411,2573233.47,Gas,NGCC,-669.350496022325,283.05568170000004,25.732334700000003,25.732334700000003,51.464669400000005,25.732334700000003,952096.3839,Gas to NGCC,50.0,5.0,400.0,20.0
55418,Plant 55418,AR,34.29759,-92.868344,2225320.73,Gas,NGCC,-892.1752629662052,244.7852803,22.253207300000003,22.253207300000003,44.50641460000001,22.253207300000003,823368.6701,Gas to NGCC,50.0,5.0,400.0,20.0
55440,Plant 55440,AL,32.6497,-86.74,4918503.25,Gas,NGCC,-765.0535231378507,541.0353575,49.185032500000005,49.185032500000005,98.37006500000001,49.185032500000005,1819846.2025,Gas to NGCC,50.0,5.0,400.0,20.0
55457,Plant 55457,OK,35.29774,-97.58985,1697932.13,Gas,NGCC,-181.62626364247402,186.7725343,16.9793213,16.9793213,33.9586426,16.9793213,628234.8881,Gas to NGCC,50.0,5.0,400.0,20.0
55464,Plant 55464,TX,29.713414,-95.134508,7099880.75,Gas,NGCC,-420.92304398906333,780.9868825,70.99880750000001,70.99880750000001,141.99761500000002,70.99880750000001,2626955.8775,Gas to NGCC,50.0,5.0,400.0,20.0
55470,Plant 55470,TX,29.378097,-94.932773,1327877.26,Gas,NGCC,-357.5821174400131,146.06649860000002,13.278772600000002,13.278772600000002,26.557545200000003,13.278772600000002,491314.5862,Gas to NGCC,50.0,5.0,400.0,20.0
55477,Plant 55477,WY,44.285,-105.3786,19912.8,Gas,NGCC,-349.6855429370703,2.190408,0.199128,0.199128,0.398256,0.199128,7367.736,Gas to NGCC,50.0,5.0,400.0,20.0
55478,Plant 55478,SD,44.1203,-103.26,41610.22,Gas,NGCC,-97.66734398195824,4.5771242,0.41610220000000003,0.41610220000000003,0.8322044000000001,0.41610220000000003,15395.7814,Gas to NGCC,50.0,5.0,400.0,20.0
55479,Plant 55479,WY,44.2858,-105.3833,713811.3,Coal,NGCC,18.00161155792431,78.519243,7.1381130000000015,7.1381130000000015,14.276226000000003,7.1381130000000015,264110.18100000004,Coal to NGCC,50.0,5.0,400.0,20.0
55503,Plant 55503,OH,39.5333,-81.7178,5571359.4,Gas,NGCC,-936.327330608476,612.8495340000001,55.71359400000001,55.71359400000001,111.42718800000002,55.71359400000001,2061402.9780000001,Gas to NGCC,50.0,5.0,400.0,20.0
55504,Plant 55504,CO,39.2038,-103.7005,136329.36,Gas,NGCC,-306.6182856575724,14.9962296,1.3632936,1.3632936,2.7265872,1.3632936,50441.86319999999,Gas to NGCC,50.0,5.0,400.0,20.0
55505,Plant 55505,CO,39.941129,-104.682015,248788.34,Gas,NGCC,-115.06167531186917,27.3667174,2.4878834000000003,2.4878834000000003,4.975766800000001,2.4878834000000003,92051.68579999999,Gas to NGCC,50.0,5.0,400.0,20.0
55508,Plant 55508,CA,36.652905,-120.580609,26779.77,Gas,NGCC,-448.88290465897353,2.9457747000000003,0.2677977,0.2677977,0.5355954,0.2677977,9908.5149,Gas to NGCC,50.0,5.0,400.0,20.0
55512,Plant 55512,CA,32.796491,-116.972071,12556.59,Gas,NGCC,-885.132986196236,1.3812249,0.1255659,0.1255659,0.2511318,0.1255659,4645.9383,Gas to NGCC,50.0,5.0,400.0,20.0
55516,Plant 55516,PA,39.8592,-79.9182,5576566.16,Gas,NGCC,20.168654958234093,613.4222776,55.76566160000001,55.76566160000001,111.53132320000002,55.76566160000001,2063329.4792,Gas to NGCC,50.0,5.0,400.0,20.0
55544,Plant 55544,OR,42.172718,-121.814393,180596.78,Gas,NGCC,-608.2027317246113,19.8656458,1.8059678000000001,1.8059678000000001,3.6119356000000002,1.8059678000000001,66820.8086,Gas to NGCC,50.0,5.0,400.0,20.0
55558,Plant 55558,WI,44.2717,-88.3011,345053.46,Gas,NGCC,33.83544157259541,37.9558806,3.4505346000000006,3.4505346000000006,6.901069200000001,3.4505346000000006,127669.78020000001,Gas to NGCC,50.0,5.0,400.0,20.0
55620,Plant 55620,LA,32.6908,-92.0183,4248996.55,Gas,NGCC,-735.8126233986537,467.3896205,42.489965500000004,42.489965500000004,84.97993100000001,42.489965500000004,1572128.7234999998,Gas to NGCC,50.0,5.0,400.0,20.0
55622,Plant 55622,UT,40.6667,-112.0317,845920.33,Gas,NGCC,-209.55195122444357,93.0512363,8.4592033,8.4592033,16.9184066,8.4592033,312990.5221,Gas to NGCC,50.0,5.0,400.0,20.0
55627,Plant 55627,CA,38.226752,-121.843271,16252.72,Gas,NGCC,-890.2136958024788,1.7877992,0.1625272,0.1625272,0.3250544,0.1625272,6013.506399999999,Gas to NGCC,50.0,5.0,400.0,20.0
55645,Plant 55645,CO,39.747875,-104.681404,427745.12,Gas,NGCC,-389.585511765991,47.0519632,4.277451200000001,4.277451200000001,8.554902400000001,4.277451200000001,158265.6944,Gas to NGCC,50.0,5.0,400.0,20.0
55654,Plant 55654,PA,39.866944,-77.685833,253981.0,Gas,NGCC,-6.262063343112634,27.937910000000002,2.53981,2.53981,5.07962,2.53981,93972.97,Gas to NGCC,50.0,5.0,400.0,20.0
55656,Plant 55656,CA,34.9556,-118.844,4007426.84,Gas,NGCC,-717.1660442613806,440.8169524,40.0742684,40.0742684,80.1485368,40.0742684,1482747.9308,Gas to NGCC,50.0,5.0,400.0,20.0
55662,Plant 55662,WA,46.6225,-122.9131,2318715.71,Gas,NGCC,-734.082847932268,255.0587281,23.1871571,23.1871571,46.3743142,23.1871571,857924.8127,Gas to NGCC,50.0,5.0,400.0,20.0
55664,Plant 55664,TX,32.3958,-94.4367,3355134.94,Gas,NGCC,-345.0764552628233,369.06484340000003,33.5513494,33.5513494,67.1026988,33.5513494,1241399.9278,Gas to NGCC,50.0,5.0,400.0,20.0
55667,Plant 55667,PA,40.801924,-75.107563,4497664.39,Gas,NGCC,-236.73074047546552,494.7430829,44.9766439,44.9766439,89.9532878,44.9766439,1664135.8242999997,Gas to NGCC,50.0,5.0,400.0,20.0
55700,Plant 55700,WA,46.138824,-122.985506,2050113.31,Gas,NGCC,-208.37666105463606,225.51246410000002,20.5011331,20.5011331,41.0022662,20.5011331,758541.9247,Gas to NGCC,50.0,5.0,400.0,20.0
55706,Plant 55706,MS,33.2881,-89.4201,5270930.82,Gas,NGCC,-986.9124050576957,579.8023902000001,52.70930820000001,52.70930820000001,105.41861640000002,52.70930820000001,1950244.4034000002,Gas to NGCC,50.0,5.0,400.0,20.0
55710,Plant 55710,PA,40.545278,-79.768611,3049669.11,Gas,NGCC,-105.95414956527353,335.4636021,30.4966911,30.4966911,60.9933822,30.4966911,1128377.5707,Gas to NGCC,50.0,5.0,400.0,20.0
55718,Plant 55718,MI,42.77412,-82.48203,590858.34,Gas,NGCC,-391.2914488920056,64.9944174,5.9085834,5.9085834,11.8171668,5.9085834,218617.58579999997,Gas to NGCC,50.0,5.0,400.0,20.0
55738,Plant 55738,VA,37.175278,-81.961388,185766.28,Gas,NGCC,-112.01282296789267,20.4342908,1.8576628000000002,1.8576628000000002,3.7153256000000003,1.8576628000000002,68733.5236,Gas to NGCC,50.0,5.0,400.0,20.0
55749,Plant 55749,MT,45.7578,-107.6,504897.98,Coal,NGCC,-22.382715403721328,55.5387778,5.048979800000001,5.048979800000001,10.097959600000001,5.048979800000001,186812.25259999998,Coal to NGCC,50.0,5.0,400.0,20.0
55786,Plant 55786,NY,40.7861,-73.2931,100987.11,Gas,NGCC,-445.576419269091,11.108582100000001,1.0098711,1.0098711,2.0197422,1.0098711,37365.2307,Gas to NGCC,50.0,5.0,400.0,20.0
55801,Plant 55801,PA,39.807038,-75.421606,6056226.32,Gas,NGCC,-669.901566456272,666.1848952,60.56226320000001,60.56226320000001,121.12452640000002,60.56226320000001,2240803.7384,Gas to NGCC,50.0,5.0,400.0,20.0
55802,Plant 55802,NM,34.611549,-106.732234,247273.67,Gas,NGCC,-138.63953308016576,27.200103700000003,2.4727367000000005,2.4727367000000005,4.945473400000001,2.4727367000000005,91491.2579,Gas to NGCC,50.0,5.0,400.0,20.0
55821,Plant 55821,FL,28.488246,-81.166944,3650650.6,Gas,NGCC,-708.7450632123886,401.571566,36.506506,36.506506,73.013012,36.506506,1350740.722,Gas to NGCC,50.0,5.0,400.0,20.0
55835,Plant 55835,CO,40.0908,-104.5953,2512757.74,Gas,NGCC,-581.6371729522729,276.4033514,25.127577400000003,25.127577400000003,50.25515480000001,25.127577400000003,929720.3638,Gas to NGCC,50.0,5.0,400.0,20.0
55841,Plant 55841,NV,36.4078,-114.9606,2521018.12,Gas,NGCC,-763.4866995499937,277.3119932,25.210181200000005,25.210181200000005,50.42036240000001,25.210181200000005,932776.7044,Gas to NGCC,50.0,5.0,400.0,20.0
55847,Plant 55847,CA,39.109344,-121.60931,47875.03,Gas,NGCC,-145.52125086260838,5.2662533,0.4787503,0.4787503,0.9575006,0.4787503,17713.7611,Gas to NGCC,50.0,5.0,400.0,20.0
55856,Plant 55856,IL,38.279167,-89.666944,13399780.68,Coal,NGCC,-328.674269052355,1473.9758748,133.9978068,133.9978068,267.9956136,133.9978068,4957918.8516,Coal to NGCC,50.0,5.0,400.0,20.0
55963,Plant 55963,CA,38.014423,-121.790679,28708.54,Gas,NGCC,-432.7982294999224,3.1579394,0.28708540000000005,0.28708540000000005,0.5741708000000001,0.28708540000000005,10622.1598,Gas to NGCC,50.0,5.0,400.0,20.0
55970,Plant 55970,CA,38.338475,-121.123978,1401020.6,Gas,NGCC,-250.03700832217257,154.112266,14.010206000000002,14.010206000000002,28.020412000000004,14.010206000000002,518377.62200000003,Gas to NGCC,50.0,5.0,400.0,20.0
55972,Plant 55972,NE,40.947913,-95.964026,214113.45,Gas,NGCC,-790.0348696426296,23.5524795,2.1411345,2.1411345,4.282269,2.1411345,79221.9765,Gas to NGCC,50.0,5.0,400.0,20.0
55976,Plant 55976,PA,39.8725,-77.1672,3231073.51,Gas,NGCC,-299.8429410296054,355.4180861,32.3107351,32.3107351,64.6214702,32.3107351,1195497.1986999998,Gas to NGCC,50.0,5.0,400.0,20.0
55977,Plant 55977,NM,36.716628,-108.215282,432702.32,Gas,NGCC,36.6082004273671,47.5972552,4.3270232,4.3270232,8.6540464,4.3270232,160099.8584,Gas to NGCC,50.0,5.0,400.0,20.0
56013,Plant 56013,IA,41.514365,-94.919729,234466.4,Gas,NGCC,-715.105589872501,25.791304,2.3446640000000003,2.3446640000000003,4.689328000000001,2.3446640000000003,86752.568,Gas to NGCC,50.0,5.0,400.0,20.0
56026,Plant 56026,CA,37.3767,-121.9508,901276.91,Gas,NGCC,-258.6689324182617,99.14046010000001,9.012769100000002,9.012769100000002,18.025538200000003,9.012769100000002,333472.4567,Gas to NGCC,50.0,5.0,400.0,20.0
56031,Plant 56031,WI,44.3204,-88.208889,4432729.07,Gas,NGCC,-340.82396130128984,487.6001977,44.327290700000006,44.327290700000006,88.65458140000001,44.327290700000006,1640109.7559,Gas to NGCC,50.0,5.0,400.0,20.0
56041,Plant 56041,CA,33.9986,-118.2219,331859.8,Gas,NGCC,-993.7428432138503,36.504578,3.318598,3.318598,6.637196,3.318598,122788.12599999999,Gas to NGCC,50.0,5.0,400.0,20.0
56046,Plant 56046,CA,34.1786,-118.3153,1529074.28,Gas,NGCC,-336.77088686054077,168.1981708,15.290742800000002,15.290742800000002,30.581485600000004,15.290742800000002,565757.4836,Gas to NGCC,50.0,5.0,400.0,20.0
56068,Plant 56068,WI,42.8492,-87.8336,7079831.77,Coal,NGCC,-425.8181921224605,778.7814946999999,70.7983177,70.7983177,141.5966354,70.7983177,2619537.7548999996,Coal to NGCC,50.0,5.0,400.0,20.0
56078,Plant 56078,CA,37.4878,-120.8956,1621414.24,Gas,NGCC,-320.6963436530501,178.35556640000001,16.2141424,16.2141424,32.4282848,16.2141424,599923.2688,Gas to NGCC,50.0,5.0,400.0,20.0
56102,Plant 56102,UT,39.82144,-111.89345,2942204.85,Gas,NGCC,-681.6963404802655,323.6425335,29.422048500000002,29.422048500000002,58.844097000000005,29.422048500000002,1088615.7945,Gas to NGCC,50.0,5.0,400.0,20.0
56166,Plant 56166,WI,43.751826,-87.878056,553522.09,Gas,NGCC,-255.70595154613716,60.8874299,5.5352209000000006,5.5352209000000006,11.070441800000001,5.5352209000000006,204803.1733,Gas to NGCC,50.0,5.0,400.0,20.0
56177,Plant 56177,UT,40.0614,-111.7294,854366.0,Gas,NGCC,77.90843247263025,93.98026,8.543660000000001,8.543660000000001,17.087320000000002,8.543660000000001,316115.42,Gas to NGCC,50.0,5.0,400.0,20.0
56196,Plant 56196,NY,40.7889,-73.9069,3495457.26,Gas,NGCC,-473.2927830291973,384.5002986,34.9545726,34.9545726,69.9091452,34.9545726,1293319.1861999999,Gas to NGCC,50.0,5.0,400.0,20.0
56224,Plant 56224,NV,40.7461,-116.5297,1186632.75,Coal,NGCC,-54.66267700257983,130.5296025,11.8663275,11.8663275,23.732655,11.8663275,439054.1175,Coal to NGCC,50.0,5.0,400.0,20.0
56227,Plant 56227,OR,46.17894,-123.172039,3137089.68,Gas,NGCC,-19.718469719236396,345.07986480000005,31.370896800000004,31.370896800000004,62.74179360000001,31.370896800000004,1160723.1816,Gas to NGCC,50.0,5.0,400.0,20.0
56241,Plant 56241,MN,44.536688,-92.915528,700260.11,Gas,NGCC,-283.74273001460216,77.0286121,7.002601100000001,7.002601100000001,14.005202200000001,7.002601100000001,259096.2407,Gas to NGCC,50.0,5.0,400.0,20.0
56253,Plant 56253,UT,37.112092,-113.516581,125593.21,Gas,NGCC,-573.2349603103489,13.815253100000001,1.2559321,1.2559321,2.5118642,1.2559321,46469.487700000005,Gas to NGCC,50.0,5.0,400.0,20.0
56319,Plant 56319,WY,44.2919,-105.3811,729201.25,Coal,NGCC,-5.585493075966593,80.2121375,7.2920125,7.2920125,14.584025,7.2920125,269804.4625,Coal to NGCC,50.0,5.0,400.0,20.0
56397,Plant 56397,PA,41.2025,-76.068333,52098.48,Gas,NGCC,-72.68960768093949,5.730832800000001,0.5209848,0.5209848,1.0419696,0.5209848,19276.4376,Gas to NGCC,50.0,5.0,400.0,20.0
56400,Plant 56400,FL,27.383889,-80.3775,1870356.18,Gas,NGCC,-734.236315602513,205.7391798,18.7035618,18.7035618,37.4071236,18.7035618,692031.7866,Gas to NGCC,50.0,5.0,400.0,20.0
56456,Plant 56456,AR,35.6644,-89.9489,3721291.34,Coal,NGCC,-115.03717950590722,409.3420474,37.212913400000005,37.212913400000005,74.42582680000001,37.212913400000005,1376877.7958,Coal to NGCC,50.0,5.0,400.0,20.0
56474,Plant 56474,CA,33.8073,-117.9832,21967.25,Gas,NGCC,-704.5564743786013,2.4163975,0.21967250000000002,0.21967250000000002,0.43934500000000004,0.21967250000000002,8127.8825,Gas to NGCC,50.0,5.0,400.0,20.0
56564,Plant 56564,AR,33.649722,-93.811944,3354434.4,Coal,NGCC,-193.8844818285004,368.987784,33.544344,33.544344,67.088688,33.544344,1241140.728,Coal to NGCC,50.0,5.0,400.0,20.0
56596,Plant 56596,WY,44.2919,-105.3806,880896.33,Coal,NGCC,-46.55031993629139,96.8985963,8.8089633,8.8089633,17.6179266,8.8089633,325931.6421,Coal to NGCC,50.0,5.0,400.0,20.0
56603,Plant 56603,TX,30.4193,-95.0118,114615.51,Gas,NGCC,-428.8563201962818,12.6077061,1.1461551,1.1461551,2.2923102,1.1461551,42407.738699999994,Gas to NGCC,50.0,5.0,400.0,20.0
56604,Plant 56604,TX,30.3038,-94.2526,129398.88,Gas,NGCC,-404.5254112313599,14.2338768,1.2939888000000002,1.2939888000000002,2.5879776000000003,1.2939888000000002,47877.5856,Gas to NGCC,50.0,5.0,400.0,20.0
56606,Plant 56606,MT,48.21,-104.391667,327800.32,Gas,NGCC,-174.04191343290285,36.0580352,3.2780032,3.2780032,6.5560064,3.2780032,121286.1184,Gas to NGCC,50.0,5.0,400.0,20.0
56609,Plant 56609,WY,44.388889,-105.460833,3163235.49,Coal,NGCC,-129.13019439513593,347.9559039,31.632354900000006,31.632354900000006,63.26470980000001,31.632354900000006,1170397.1313,Coal to NGCC,50.0,5.0,400.0,20.0
56611,Plant 56611,TX,31.474378,-96.957149,3549352.76,Coal,NGCC,-304.2691859954196,390.4288036,35.4935276,35.4935276,70.9870552,35.4935276,1313260.5211999998,Coal to NGCC,50.0,5.0,400.0,20.0
56671,Plant 56671,WV,39.707893,-79.958974,4360908.35,Coal,NGCC,-208.553804456873,479.69991849999997,43.6090835,43.6090835,87.218167,43.6090835,1613536.0894999998,Coal to NGCC,50.0,5.0,400.0,20.0
56908,Plant 56908,MT,46.104713,-112.876605,564568.26,Gas,NGCC,-987.8194457232572,62.1025086,5.645682600000001,5.645682600000001,11.291365200000001,5.645682600000001,208890.2562,Gas to NGCC,50.0,5.0,400.0,20.0
57978,Plant 57978,CA,38.088056,-121.3875,746207.24,Gas,NGCC,-735.4553160371137,82.0827964,7.4620724,7.4620724,14.9241448,7.4620724,276096.6788,Gas to NGCC,50.0,5.0,400.0,20.0
58284,Plant 58284,NM,34.616111,-106.815,70512.65,Gas,NGCC,-796.8122397623155,7.756391499999999,0.7051265,0.7051265,1.410253,0.7051265,26089.6805,Gas to NGCC,50.0,5.0,400.0,20.0
58325,Plant 58325,OK,36.813889,-97.125278,215170.77,Gas,NGCC,-403.5166360169449,23.6687847,2.1517077000000002,2.1517077000000002,4.3034154000000004,2.1517077000000002,79613.1849,Gas to NGCC,50.0,5.0,400.0,20.0
58378,Plant 58378,TX,29.475278,-95.634167,182825.67,Gas,NGCC,-246.8227316320981,20.1108237,1.8282567000000003,1.8282567000000003,3.6565134000000006,1.8282567000000003,67645.4979,Gas to NGCC,50.0,5.0,400.0,20.0
58427,Plant 58427,MI,42.719722,-84.551667,491721.26,Gas,NGCC,-853.1471915437183,54.089338600000005,4.917212600000001,4.917212600000001,9.834425200000002,4.917212600000001,181936.8662,Gas to NGCC,50.0,5.0,400.0,20.0
58503,Plant 58503,OR,45.698611,-119.813056,3171245.42,Gas,NGCC,-960.6256532747295,348.8369962,31.712454200000003,31.712454200000003,63.42490840000001,31.712454200000003,1173360.8054,Gas to NGCC,50.0,5.0,400.0,20.0
