facility_id,macc,emissions,transition,from_fuel,to_tech,nameplate_capacity,annual_generation,cumulative_end,cumulative_start
55402,-1989.0540348994477,384823.5444625785,Gas to NGCC,Gas,NGCC,782.0,1523848.92,384823.5444625785,0.0
55206,-1981.4568238758634,234292.59500920936,Gas to NGCC,Gas,NGCC,593.3,3150331.29,619116.1394717878,384823.5444625785
7914,-1978.4555304503901,19752.189478102096,Gas to NGCC,Gas,NGCC,94.0,100567.97,638868.32894989,619116.1394717878
55718,-1939.655072513832,183828.8323335012,Gas to NGCC,Gas,NGCC,357.6,590858.34,822697.1612833912,638868.32894989
7721,-1932.4005135672705,33791.86495141999,Gas to NGCC,Gas,NGCC,317.4,2080924.25,856489.0262348112,822697.1612833912
55210,-1931.3683709084646,71421.75326096045,Gas to NGCC,Gas,NGCC,287.0,1488127.8,927910.7794957716,856489.0262348112
56166,-1928.4442468162215,146077.5408519916,Gas to NGCC,Gas,NGCC,346.8,553522.09,1073988.3203477631,927910.7794957715
7527,-1909.0611723579186,25626.0486934496,Gas to NGCC,Gas,NGCC,125.5,156613.13,1099614.3690412128,1073988.3203477631
55170,-1890.2768133429001,534384.0444328407,Gas to NGCC,Gas,NGCC,790.0,2266433.15,1633998.4134740536,1099614.3690412128
56603,-1877.9122854825175,39844.752632115895,Gas to NGCC,Gas,NGCC,170.0,114615.51,1673843.1661061696,1633998.4134740536
976,-1863.5865095663376,780828.1517143364,Gas to NGCC,Gas,NGCC,249.0,767181.57,2454671.317820506,1673843.1661061698
56177,-1833.1462439725735,56135.769897822174,Gas to NGCC,Gas,NGCC,140.0,854366.0,2510807.0877183285,2454671.317820506
7946,-1827.0010360569875,474701.8844909745,Gas to NGCC,Gas,NGCC,594.1,1998559.85,2985508.9722093027,2510807.0877183285
7869,-1821.1950407620109,31318.18185700631,Gas to NGCC,Gas,NGCC,122.0,162159.43,3016827.154066309,2985508.9722093027
1595,-1814.9703465531447,28840.7388461323,Gas to NGCC,Gas,NGCC,234.7,2246310.43,3045667.892912441,3016827.1540663084
56604,-1810.970464436387,41611.93436555401,Gas to NGCC,Gas,NGCC,173.0,129398.88,3087279.8272779947,3045667.892912441
55802,-1795.789146617006,62565.66631227922,Gas to NGCC,Gas,NGCC,159.5,247273.67,3149845.493590274,3087279.8272779947
55976,-1790.6509325189368,862008.3554099863,Gas to NGCC,Gas,NGCC,898.0,3231073.51,4011853.8490002602,3149845.493590274
55043,-1784.0825260147324,23896.7077823507,Gas to NGCC,Gas,NGCC,101.2,79838.63,4035750.5567826107,4011853.8490002602
55970,-1778.5858123934454,659728.2844351277,Gas to NGCC,Gas,NGCC,556.8,1401020.6,4695478.841217739,4035750.5567826107
2869,-1758.8184935588176,341451.8164776317,Gas to NGCC,Gas,NGCC,555.6,1111697.3,5036930.65769537,4695478.841217738
55397,-1742.2476044550108,265664.47131020087,Gas to NGCC,Gas,NGCC,714.9000000000001,5360474.23,5302595.129005571,5036930.65769537
55477,-1699.0183790459557,4947.712625201699,Gas to NGCC,Gas,NGCC,40.0,19912.8,5307542.841630773,5302595.129005571
55065,-1672.8418906002626,170176.04746863188,Gas to NGCC,Gas,NGCC,521.0,2135785.83,5477718.889099404,5307542.841630773
54832,-1671.3019179131538,74942.77544287551,Gas to NGCC,Gas,NGCC,288.8,662763.65,5552661.66454228,5477718.889099404
54761,-1642.8720504132707,176191.8329185032,Gas to NGCC,Gas,NGCC,621.2,3031264.24,5728853.497460783,5552661.66454228
56609,-1629.7689871498892,1751655.4191519674,Coal to NGCC,Coal,NGCC,483.7,3163235.49,7480508.916612751,5728853.497460783
54365,-1616.5796542954697,32230.800231317582,Gas to NGCC,Gas,NGCC,157.2,430076.54,7512739.716844069,7480508.916612751
7967,-1606.8980598077374,25782.85668527639,Gas to NGCC,Gas,NGCC,88.0,112278.6,7538522.573529345,7512739.716844069
7913,-1600.829219609152,24122.412528880006,Gas to NGCC,Gas,NGCC,94.0,108070.81,7562644.986058225,7538522.573529345
55504,-1547.9000166881294,49308.88883604361,Gas to NGCC,Gas,NGCC,154.2,136329.36,7611953.874894269,7562644.986058225
55481,-1480.857815676469,351679.25961955497,Gas to NGCC,Gas,NGCC,691.6,7875475.51,7963633.134513823,7611953.874894269
7829,-1474.5590537214703,58252.295645578,Gas to NGCC,Gas,NGCC,242.0,156370.18,8021885.430159401,7963633.134513823
7425,-1447.6873983154906,14469.0595964466,Gas to NGCC,Gas,NGCC,138.6,39524.1,8036354.4897558475,8021885.430159401
55818,-1405.6845511200702,86657.50247505831,Gas to NGCC,Gas,NGCC,318.3,1843501.05,8123011.992230906,8036354.4897558475
7551,-1397.9682787336542,76543.42532401619,Gas to NGCC,Gas,NGCC,193.39999999999998,630076.14,8199555.417554922,8123011.992230906
55622,-1380.7975727595567,178805.7686586253,Gas to NGCC,Gas,NGCC,217.0,845920.33,8378361.186213547,8199555.417554922
56456,-1376.3910966586288,2095644.0641547858,Coal to NGCC,Coal,NGCC,720.0,3721291.34,10474005.250368332,8378361.186213546
7909,-1356.323036721509,27541.835852545097,Gas to NGCC,Gas,NGCC,94.0,128494.25,10501547.086220877,10474005.250368332
55127,-1338.799522186773,84525.73155822449,Gas to NGCC,Gas,NGCC,300.0,359995.89,10586072.817779101,10501547.086220877
377,-1328.799206884516,16738.0136601255,Gas to NGCC,Gas,NGCC,57.4,34333.02,10602810.831439227,10586072.817779101
7915,-1327.867108794747,6899.740272159001,Gas to NGCC,Gas,NGCC,47.0,34991.52,10609710.571711386,10602810.831439227
55011,-1290.1358458214013,58317.7820467937,Gas to NGCC,Gas,NGCC,283.5,669281.87,10668028.353758179,10609710.571711386
55710,-1253.565797151997,495526.7957772325,Gas to NGCC,Gas,NGCC,556.0,3049669.11,11163555.149535412,10668028.353758179
55977,-1238.8955679579456,49187.40661387521,Gas to NGCC,Gas,NGCC,67.0,432702.32,11212742.556149287,11163555.149535412
55048,-1233.3676078995509,58759.80090538878,Gas to NGCC,Gas,NGCC,290.1,1694673.89,11271502.357054677,11212742.556149289
55377,-1201.3285787497693,26064.9072747615,Gas to NGCC,Gas,NGCC,87.6,133172.76,11297567.264329439,11271502.357054677
7912,-1166.367883394433,7644.767868581601,Gas to NGCC,Gas,NGCC,47.0,38967.29,11305212.032198021,11297567.264329439
7604,-1139.034905104789,118862.01123717055,Gas to NGCC,Gas,NGCC,506.6,2010810.06,11424074.043435192,11305212.032198021
55457,-1110.1183899754255,388664.6753696138,Gas to NGCC,Gas,NGCC,551.3,1697932.13,11812738.718804806,11424074.043435194
55847,-1106.9131621878805,13045.935950468505,Gas to NGCC,Gas,NGCC,47.0,47875.03,11825784.654755276,11812738.718804806
55179,-1099.4781881849588,74849.44761961128,Gas to NGCC,Gas,NGCC,301.5,1834721.5,11900634.102374887,11825784.654755276
3236,-1083.5582626252626,406979.9083350625,Gas to NGCC,Gas,NGCC,515.0,1203894.25,12307614.010709949,11900634.102374887
55738,-1053.501576641151,35022.098738949695,Gas to NGCC,Gas,NGCC,88.0,185766.28,12342636.109448899,12307614.010709949
55026,-1001.3712788784884,31410.644507978912,Gas to NGCC,Gas,NGCC,200.0,355696.13,12374046.753956877,12342636.109448899
55196,-1001.0256613700346,26297.628047243314,Gas to NGCC,Gas,NGCC,87.6,133881.83,12400344.38200412,12374046.753956877
7984,-998.7437330603753,13191.112177990999,Gas to NGCC,Gas,NGCC,60.5,55890.32,12413535.49418211,12400344.38200412
55117,-952.0513525423776,434334.9499911923,Gas to NGCC,Gas,NGCC,493.0,2168028.74,12847870.444173303,12413535.49418211
8053,-929.0681644839107,9111.614347779603,Gas to NGCC,Gas,NGCC,47.0,46281.09,12856982.058521083,12847870.444173303
664,-913.6806003626667,75587.62505794546,Gas to NGCC,Gas,NGCC,141.6,749021.72,12932569.683579028,12856982.058521083
55478,-896.0084479291697,9400.603241582498,Gas to NGCC,Gas,NGCC,40.0,41610.22,12941970.286820611,12932569.683579028
55154,-877.1131585528549,524692.0388436752,Gas to NGCC,Gas,NGCC,609.0,2141537.16,13466662.325664286,12941970.286820611
55241,-866.7489907329083,100813.28729452175,Gas to NGCC,Gas,NGCC,280.0,1526383.04,13567475.612958807,13466662.325664286
55089,-865.602951395623,1253797.0697282988,Gas to NGCC,Gas,NGCC,894.2,3861354.67,14821272.682687106,13567475.612958807
55337,-813.1870678093866,713608.4139992353,Gas to NGCC,Gas,NGCC,777.5999999999999,2853145.21,15534881.09668634,14821272.682687106
55135,-804.5368015809576,161096.25811917003,Gas to NGCC,Gas,NGCC,371.0,612717.6,15695977.35480551,15534881.09668634
7749,-802.7441160730644,24133.054793321702,Gas to NGCC,Gas,NGCC,121.2,73788.48,15720110.409598833,15695977.35480551
7825,-798.8738511376417,35334.18180141469,Gas to NGCC,Gas,NGCC,154.8,146823.89,15755444.591400247,15720110.409598833
4072,-796.761028082798,33825.992710167295,Gas to NGCC,Gas,NGCC,91.0,109037.28,15789270.584110415,15755444.591400247
56596,-783.512741756441,570956.8068604935,Coal to NGCC,Coal,NGCC,116.0,880896.33,16360227.390970908,15789270.584110415
55505,-781.3449569009915,88803.1639903889,Gas to NGCC,Gas,NGCC,154.2,248788.34,16449030.554961298,16360227.390970908
55149,-777.9401330672858,903782.3836679037,Gas to NGCC,Gas,NGCC,840.0,3717837.89,17352812.938629203,16449030.5549613
7552,-777.9035551387424,35608.488990999555,Gas to NGCC,Gas,NGCC,173.9,709561.38,17388421.427620202,17352812.938629203
56397,-770.1023317674651,8716.850981115298,Gas to NGCC,Gas,NGCC,44.0,52098.48,17397138.27860132,17388421.427620202
55029,-753.990178733116,38226.5699120697,Gas to NGCC,Gas,NGCC,192.3,148107.72,17435364.848513387,17397138.27860132
55259,-750.814933933716,666480.6080573936,Gas to NGCC,Gas,NGCC,576.8,2267428.2,18101845.45657078,17435364.848513387
56224,-749.7099625261937,680366.4331355356,Coal to NGCC,Coal,NGCC,242.0,1186632.75,18782211.889706317,18101845.45657078
55075,-676.0371246987258,59232.67879418924,Gas to NGCC,Gas,NGCC,230.4,1772280.94,18841444.568500508,18782211.889706317
10649,-661.5434805073992,4711.670356104398,Gas to NGCC,Gas,NGCC,46.0,48863.68,18846156.238856614,18841444.568500508
55176,-611.427273623446,472702.32216303574,Gas to NGCC,Gas,NGCC,467.7,2688528.46,19318858.561019648,18846156.238856614
55212,-568.5372693218346,459703.9081621034,Gas to NGCC,Gas,NGCC,578.0,1838494.86,19778562.46918175,19318858.561019648
55211,-562.7746029317104,540245.0930295312,Gas to NGCC,Gas,NGCC,578.0,2005161.93,20318807.562211283,19778562.46918175
55654,-535.5538172377275,49536.05450709397,Gas to NGCC,Gas,NGCC,87.6,253981.0,20368343.616718378,20318807.562211283
55010,-515.7086175838613,98172.60975006642,Gas to NGCC,Gas,NGCC,283.5,1068102.77,20466516.226468444,20368343.616718378
55306,-504.08343055219893,499577.13365215575,Gas to NGCC,Gas,NGCC,619.0,10521537.06,20966093.3601206,20466516.226468444
1268,-439.01572266050897,28653.260884959698,Gas to NGCC,Gas,NGCC,64.0,81122.89,20994746.621005557,20966093.3601206
54817,-414.0444408146754,88129.89952121116,Gas to NGCC,Gas,NGCC,282.6,1165178.14,21082876.520526767,20994746.621005557
689,-384.45810966098867,282370.8504197856,Gas to NGCC,Gas,NGCC,270.1,912036.0,21365247.370946553,21082876.520526767
54914,-369.0187479830649,388518.8278344944,Gas to NGCC,Gas,NGCC,322.0,1679381.57,21753766.198781047,21365247.370946553
7699,-356.1259638034628,193453.39381484847,Gas to NGCC,Gas,NGCC,278.1,736121.22,21947219.592595894,21753766.198781047
55558,-336.685746564905,82936.62099438957,Gas to NGCC,Gas,NGCC,66.5,345053.46,22030156.213590283,21947219.592595894
55419,-333.78633792383783,2714248.14789274,Gas to Wind,Gas,Wind,987.0,9844595.77,24744404.361483023,22030156.213590283
50458,-333.3153106948728,50230.22972090499,Gas to NGCC,Gas,NGCC,147.0,523187.5,24794634.591203928,24744404.361483023
56319,-329.23712004804685,558823.4251616625,Coal to NGCC,Coal,NGCC,95.0,729201.25,25353458.01636559,24794634.591203928
55749,-313.4493425942915,484931.7149625367,Coal to NGCC,Coal,NGCC,115.7,504897.98,25838389.73132813,25353458.01636559
7947,-272.20910232230216,32014.6625008416,Gas to NGCC,Gas,NGCC,51.3,166462.41,25870404.393828973,25838389.73132813
55699,-266.25384103028614,33804.113336901995,Gas to NGCC,Gas,NGCC,60.5,123535.39,25904208.507165875,25870404.393828973
3006,-233.33111685648637,291378.25768301554,Gas to NGCC,Gas,NGCC,534.9,1101809.93,26195586.76484889,25904208.507165875
55733,-209.82616767743895,160163.05409914712,Gas to NGCC,Gas,NGCC,172.8,730645.86,26355749.818948038,26195586.76484889
10678,-197.1538952573478,555760.8142862871,Coal to NGCC,Coal,NGCC,229.0,658186.54,26911510.633234326,26355749.818948038
7210,-179.31791836492772,467442.7808576007,Gas to NGCC,Gas,NGCC,417.3,1476651.41,27378953.414091926,26911510.633234326
54785,-166.69041414789794,398225.3242680596,Gas to NGCC,Gas,NGCC,192.6,895049.45,27777178.738359984,27378953.414091926
55015,-106.49162376220576,1589549.56396941,Gas to NGCC,Gas,NGCC,572.0,3324179.91,29366728.302329395,27777178.738359984
55349,-104.37883910337236,483264.5661925217,Gas to NGCC,Gas,NGCC,344.0,2246086.31,29849992.868521918,29366728.302329395
55479,-87.52891104898661,552350.9351431967,Coal to NGCC,Coal,NGCC,90.0,713811.3,30402343.803665113,29849992.868521918
7504,-74.92176756660513,575539.937085861,Coal to NGCC,Coal,NGCC,130.0,752832.76,30977883.740750972,30402343.803665113
55088,-61.285324270870376,2069125.3979309648,Gas to NGCC,Gas,NGCC,509.90000000000003,3627979.0,33047009.138681937,30977883.740750972
55101,-59.55432914258168,61266.603164919805,Gas to NGCC,Gas,NGCC,77.4,188487.02,33108275.741846856,33047009.138681937
7325,-9.1740962316839,288688.35886331345,Gas to NGCC,Gas,NGCC,176.4,719261.22,33396964.10071017,33108275.741846856
2707,0.0,1067.57495496,Oil to Wind,Oil,Wind,70.0,0.0,33398031.67566513,33396964.10071017
2716,0.0,2182.32351432,Oil to Wind,Oil,Wind,163.0,0.0,33400213.99917945,33398031.67566513
2504,0.0639154122001199,202738.7761160925,Oil to NGCC,Oil,NGCC,37.0,210.0,33602952.77529554,33400213.99917945
55039,5.1705487511580905,156290.0045449159,Gas to NGCC,Gas,NGCC,150.0,561576.19,33759242.779840454,33602952.77529554
57842,9.770133074150488,97761.52195516851,Gas to NGCC,Gas,NGCC,192.0,430272.11,33857004.301795624,33759242.779840454
1391,12.095337642567456,954228.5127537434,Gas to NGCC,Gas,NGCC,450.90000000000003,3333297.56,34811232.814549364,33857004.301795624
55064,31.141019633684497,361149.9288959033,Gas to NGCC,Gas,NGCC,243.9,1740733.71,35172382.74344527,34811232.814549364
2712,44.967924356025684,3280609.1478183274,Coal to NGCC,Coal,NGCC,2558.2,2390750.27,38452991.8912636,35172382.74344527
3785,45.20887311365354,3221.15364725,Oil to NGCC,Oil,NGCC,27.0,2360.0,38456213.04491085,38452991.8912636
2514,45.31148315249624,1319.5887943199996,Oil to NGCC,Oil,NGCC,110.0,969.0,38457532.63370517,38456213.04491085
1564,46.34402953067558,8802.3730312033,Oil to NGCC,Oil,NGCC,180.6,6611.05,38466335.006736375,38457532.63370517
3982,46.58047525771079,211849.44740059174,Gas to NGCC,Gas,NGCC,27.2,159921.97,38678184.45413697,38466335.006736375
2390,50.73983099879581,858.2842516179999,Oil to NGCC,Oil,NGCC,212.0,705.76,38679042.73838858,38678184.45413697
2521,60.813351759691365,40.58674012,Oil to NGCC,Oil,NGCC,52.4,40.0,38679083.325128704,38679042.73838858
3116,65.06276861404129,391.68832934000005,Oil to NGCC,Oil,NGCC,54.0,413.0,38679475.01345804,38679083.325128704
341,72.10213676445794,6677.130075099001,Gas to NGCC,Gas,NGCC,252.0,7802.16,38686152.14353314,38679475.01345804
1554,73.71910144901513,77165.31684237639,Oil to NGCC,Oil,NGCC,922.5,92188.99,38763317.46037552,38686152.14353314
8012,73.96812472648672,550.507475703,Oil to NGCC,Oil,NGCC,546.4,659.91,38763867.96785122,38763317.46037552
6098,76.28685523744417,1341498.77856141,Coal to NGCC,Coal,NGCC,451.0,1658505.34,40105366.746412635,38763867.96785122
7155,77.00854987424957,350.3275251824,Oil to NGCC,Oil,NGCC,90.2,437.21,40105717.07393782,40105366.746412635
6183,77.12357037338333,1258832.5048932135,Coal to NGCC,Coal,NGCC,410.0,1573373.95,41364549.57883103,40105717.07393782
3111,77.32391805892814,2661.7042401259996,Oil to NGCC,Oil,NGCC,54.0,3335.42,41367211.28307116,41364549.57883103
4271,79.27816900875415,1073110.8725618054,Coal to NGCC,Coal,NGCC,387.0,1378716.86,42440322.155632965,41367211.28307116
6641,81.58201802441954,3819752.0627715075,Coal to NGCC,Coal,NGCC,1800.0,5050175.82,46260074.21840447,42440322.155632965
50555,81.7016261997093,3807.396176966899,Oil to NGCC,Oil,NGCC,180.0,5041.22,46263881.614581436,46260074.21840447
59,81.9485918421365,305228.9174212462,Coal to NGCC,Coal,NGCC,109.8,405362.95,46569110.53200268,46263881.614581436
1167,82.40947595314898,460960.67836944625,Coal to NGCC,Coal,NGCC,293.5,615627.36,47030071.21037213,46569110.53200268
6101,82.50676985655137,1527119.787246996,Coal to NGCC,Coal,NGCC,362.1,2041923.98,48557190.99761912,47030071.21037213
1393,82.89038749564014,1197626.7878922962,Coal to NGCC,Coal,NGCC,1433.6,1608801.83,49754817.78551142,48557190.99761912
879,83.70791978767596,1157560.5127620425,Coal to NGCC,Coal,NGCC,1785.6,1570316.28,50912378.29827346,49754817.78551142
1379,83.75897173700109,3967804.951397162,Coal to NGCC,Coal,NGCC,1575.0,5385903.06,54880183.249670625,50912378.29827346
594,84.29411062953363,19588.460754361797,Coal to NGCC,Coal,NGCC,464.1,26759.28,54899771.71042499,54880183.249670625
6772,84.29967774390597,518374.29405913176,Coal to NGCC,Coal,NGCC,446.0,708184.23,55418146.004484124,54899771.71042499
6204,84.89371610047628,7442444.103981525,Coal to NGCC,Coal,NGCC,1863.0,10239246.69,62860590.10846565,55418146.004484124
1012,84.97992901543121,1191966.8526564483,Coal to NGCC,Coal,NGCC,368.9,1641562.5,64052556.961122096,62860590.10846565
2628,85.17609426411704,660.9835856848,Gas to NGCC,Gas,NGCC,46.5,912.4,64053217.94470778,64052556.961122096
8222,85.50697187582112,1984684.480014733,Coal to NGCC,Coal,NGCC,450.0,2750235.48,66037902.424722515,64053217.94470778
1702,85.53865918081665,487887.88403486717,Gas to NGCC,Gas,NGCC,1402.3,676331.09,66525790.30875738,66037902.424722515
6009,86.43064920429217,2680658.9150522677,Coal to NGCC,Coal,NGCC,1800.0,3754794.85,69206449.22380964,66525790.30875738
4158,86.71961271471542,2805269.532788214,Coal to NGCC,Coal,NGCC,816.7,3942473.7,72011718.75659786,69206449.22380964
1040,88.0454091110574,16653.839785711498,Coal to NGCC,Coal,NGCC,93.9,23762.82,72028372.59638357,72011718.75659786
113,88.12468684723292,1391553.6665656255,Coal to NGCC,Coal,NGCC,425.9,1987350.31,73419926.2629492,72028372.59638357
3407,88.2640846851023,1958399.2836109353,Coal to NGCC,Coal,NGCC,1700.0,2801316.27,75378325.54656014,73419926.2629492
6177,88.64837586992127,2448125.142304471,Coal to NGCC,Coal,NGCC,821.8,3517072.15,77826450.6888646,75378325.54656014
6139,89.25100697415276,2666472.686538996,Coal to NGCC,Coal,NGCC,1116.0,3856800.23,80492923.3754036,77826450.6888646
6166,89.29088172626963,2066300.5723229074,Coal to NGCC,Coal,NGCC,2600.0,2990043.37,82559223.9477265,80492923.3754036
6064,89.42166689509764,600547.4621771745,Coal to NGCC,Coal,NGCC,365.0,870295.98,83159771.40990368,82559223.9477265
1573,89.50796953490968,315.06932536900007,Oil to NGCC,Oil,NGCC,260.0,457.03,83160086.47922905,83159771.40990368
6257,89.69730309924267,5069262.107247445,Coal to NGCC,Coal,NGCC,2673.0,7368872.0,88229348.58647649,83160086.47922905
2817,89.72860319104689,2521454.052931223,Coal to NGCC,Coal,NGCC,656.0,3666560.42,90750802.63940771,88229348.58647649
6248,89.7357253240969,2068942.3776971293,Coal to NGCC,Coal,NGCC,552.3,3008781.52,92819745.01710483,90750802.63940771
6017,90.36683093378946,2304602.8138294546,Coal to NGCC,Coal,NGCC,617.4,3375064.06,95124347.83093429,92819745.01710483
2240,90.41232178507884,300438.48238453525,Coal to NGCC,Coal,NGCC,170.0,440210.16,95424786.31331882,95124347.83093429
6823,91.07099947308896,2134861.227139622,Coal to NGCC,Coal,NGCC,509.4,3150842.05,97559647.54045844,95424786.31331882
6179,91.07297242719116,5602701.262257667,Coal to NGCC,Coal,NGCC,1690.0,8269206.89,103162348.8027161,97559647.54045844
8224,91.09638754810472,817771.2083072483,Coal to NGCC,Coal,NGCC,567.0,1207285.13,103980120.01102336,103162348.8027161
3845,91.10202580737834,3004860.1807213044,Coal to NGCC,Coal,NGCC,729.9,4436384.54,106984980.19174466,103980120.01102336
6469,91.12422876450425,3571086.673787828,Coal to NGCC,Coal,NGCC,954.0,5273647.98,110556066.86553249,106984980.19174466
7030,91.88474098855501,1769995.1817106116,Coal to NGCC,Coal,NGCC,349.2,2635678.05,112326062.0472431,110556066.86553249
6018,92.07144449768106,1646230.496799245,Coal to NGCC,Coal,NGCC,772.0,2456362.62,113972292.54404235,112326062.0472431
2718,92.22343491007102,92988.87152067361,Coal to NGCC,Coal,NGCC,435.2,138978.99,114065281.41556302,113972292.54404235
2277,92.28727504832965,544290.70249151,Coal to NGCC,Coal,NGCC,228.7,814047.26,114609572.11805452,114065281.41556302
6021,92.45792549098145,3498296.4242827217,Coal to NGCC,Coal,NGCC,1427.6,5241766.02,118107868.54233724,114609572.11805452
7697,92.59480613758973,54294.48400802998,Gas to NGCC,Gas,NGCC,122.5,1141633.5,118162163.02634527,118107868.54233724
4050,93.1573740227393,1375768.3567157553,Coal to NGCC,Coal,NGCC,413.7,2077014.05,119537931.38306102,118162163.02634527
6213,93.5262375542387,3047449.6577309454,Coal to NGCC,Coal,NGCC,1080.0,4618988.53,122585381.04079197,119537931.38306102
6138,94.05396877267896,1493440.4315298446,Coal to NGCC,Coal,NGCC,558.0,2276365.06,124078821.47232182,122585381.04079197
6254,94.13205474116263,2250611.460645874,Coal to NGCC,Coal,NGCC,725.9,3433325.23,126329432.9329677,124078821.47232182
2823,94.15617973289237,3272423.8483970277,Coal to NGCC,Coal,NGCC,734.0,4993387.37,129601856.78136472,126329432.9329677
6705,94.29961524703853,3026667.587872939,Coal to NGCC,Coal,NGCC,822.8,4625423.76,132628524.36923766,129601856.78136472
8023,94.4091763479305,3032888.5378008364,Coal to NGCC,Coal,NGCC,1112.0,4640315.81,135661412.9070385,132628524.36923768
6768,94.88779310681976,958360.2551069651,Coal to NGCC,Coal,NGCC,261.0,1473723.54,136619773.16214547,135661412.9070385
8008,94.94142879110336,1268.1456721200002,Gas to NGCC,Gas,NGCC,71.2,1951.2,136621041.30781758,136619773.16214547
7146,95.18738106765004,10079.1942558128,Oil to NGCC,Oil,NGCC,238.5,15548.27,136631120.50207338,136621041.30781758
6030,95.3190616489684,5035608.530081738,Coal to NGCC,Coal,NGCC,1215.6,7778728.24,141666729.03215513,136631120.50207338
4041,95.80787850654076,2580560.36463496,Coal to NGCC,Coal,NGCC,1240.0,4006748.9,144247289.3967901,141666729.03215513
298,96.26467554145215,4302259.5934806,Coal to NGCC,Coal,NGCC,1849.8,6711822.2,148549548.99027067,144247289.3967901
8066,96.32498356276092,5833238.380749859,Coal to NGCC,Coal,NGCC,2326.0,9105956.02,154382787.37102053,148549548.99027067
2379,96.54498294319359,2695.4226640569996,Gas to NGCC,Gas,NGCC,83.8,4217.29,154385482.79368457,154382787.37102053
6095,96.62696458803964,688399.5704272895,Coal to NGCC,Coal,NGCC,1138.0,1077992.67,155073882.36411187,154385482.79368457
6146,96.75435405565365,8307132.543471478,Coal to NGCC,Coal,NGCC,2379.6000000000004,13025624.01,163381014.90758336,155073882.36411187
525,96.93500927390129,1735573.34014114,Coal to NGCC,Coal,NGCC,465.4,2726468.64,165116588.2477245,163381014.90758336
6193,97.01130204212556,2253676.342315252,Coal to NGCC,Coal,NGCC,1080.0,3543159.96,167370264.59003976,165116588.2477245
3403,97.74247396720483,2720197.8174775033,Coal to NGCC,Coal,NGCC,1918.4,4308843.25,170090462.40751725,167370264.59003976
602,97.77450921430655,799411.9741180611,Coal to NGCC,Coal,NGCC,1370.2,1266698.26,170889874.3816353,170090462.40751725
6090,97.78007914950105,4647783.935518395,Coal to NGCC,Coal,NGCC,1704.0,7365007.53,175537658.3171537,170889874.3816353
6137,97.91919053901621,1281213.3951322278,Gas to NGCC,Gas,NGCC,176.4,2033134.76,176818871.7122859,175537658.3171537
6002,97.9835035196126,10701204.434576862,Coal to NGCC,Coal,NGCC,2822.0,16992704.5,187520076.14686278,176818871.7122859
2632,98.01031466580905,595.1362442063,Gas to NGCC,Gas,NGCC,41.9,945.29,187520671.28310698,187520076.14686278
3168,98.15520385367122,519.5802665099999,Oil to NGCC,Oil,NGCC,131.6,826.5,187521190.8633735,187520671.28310698
6194,98.19553940368482,1832133.3882364128,Coal to NGCC,Coal,NGCC,1135.8,2915585.15,189353324.2516099,187521190.8633735
3948,98.32240663648885,2306873.3592570093,Coal to NGCC,Coal,NGCC,1632.6,3675810.67,191660197.6108669,189353324.2516099
8069,98.88219524594058,2390516.610579854,Coal to NGCC,Coal,NGCC,1015.5,3830775.89,194050714.22144675,191660197.6108669
3399,98.9778045475232,6077156.3970018085,Coal to NGCC,Coal,NGCC,2600.0,9747990.78,200127870.61844856,194050714.22144675
6178,99.21876932251755,1773113.3765559047,Coal to NGCC,Coal,NGCC,622.4,2851065.68,201900983.99500448,200127870.61844856
2168,99.35045499876318,3841588.0325251743,Coal to NGCC,Coal,NGCC,1181.7,6185253.88,205742572.02752966,201900983.99500448
7790,99.43728778304812,2272474.2935485113,Coal to NGCC,Coal,NGCC,499.5,3662057.25,208015046.32107818,205742572.02752966
2107,99.7820844870641,2074402.002228307,Coal to NGCC,Coal,NGCC,1099.4,3354458.13,210089448.3233065,208015046.32107818
3113,99.82686916880827,437.57004281389993,Oil to NGCC,Oil,NGCC,194.0,707.9,210089885.89334932,210089448.3233065
1507,100.08159822016766,25911.233061819694,Oil to NGCC,Oil,NGCC,846.0,42026.11,210115797.12641114,210089885.89334932
1250,100.15393600768667,1173606.5610032058,Coal to NGCC,Coal,NGCC,517.0,1904879.16,211289403.68741435,210115797.12641114
1355,100.25904641987316,681540.1492459467,Coal to NGCC,Coal,NGCC,1444.6,1107367.81,211970943.8366603,211289403.68741435
6165,100.53423544096053,2878788.372910919,Coal to NGCC,Coal,NGCC,1472.2,4690299.76,214849732.2095712,211970943.8366603
3122,100.677574573644,737118.8995936061,Coal to NGCC,Coal,NGCC,660.0,1202671.92,215586851.1091648,214849732.2095712
876,100.75600908012913,1520666.943131383,Coal to NGCC,Coal,NGCC,1319.0,2483029.86,217107518.0522962,215586851.1091648
983,101.24157036209434,3386524.562790207,Coal to NGCC,Coal,NGCC,1303.8,5556354.97,220494042.6150864,217107518.0522962
3935,101.72493463815297,5573738.049511269,Coal to NGCC,Coal,NGCC,2932.6,9188631.9,226067780.6645977,220494042.61508644
54915,101.75755551759997,179630.397493402,Gas to NGCC,Gas,NGCC,138.1,1042639.9,226247411.06209108,226067780.6645977
6249,102.27922538223149,1848987.16416612,Coal to NGCC,Coal,NGCC,1260.0,3064772.25,228096398.2262572,226247411.06209108
1915,102.3309787944328,634422.3366135883,Coal to NGCC,Coal,NGCC,598.4,1052113.21,228730820.5628708,228096398.2262572
1893,102.88212315131297,3300489.8682750594,Coal to NGCC,Coal,NGCC,923.3,5502945.38,232031310.43114585,228730820.5628708
6664,102.99414132390943,2339270.402621418,Coal to NGCC,Coal,NGCC,811.9,3904539.56,234370580.83376727,232031310.43114585
1131,103.54801609869568,4518.798396255599,Gas to NGCC,Gas,NGCC,51.5,7583.01,234375099.63216352,234370580.83376727
2364,103.56555798442861,107760.82569629999,Coal to NGCC,Coal,NGCC,459.20000000000005,180864.42,234482860.4578598,234375099.63216352
1091,104.11521046563692,835514.402418819,Coal to NGCC,Coal,NGCC,584.1,1409759.41,235318374.86027864,234482860.4578598
2876,104.27494629450554,3084472.637137305,Coal to NGCC,Coal,NGCC,1086.5,5212400.49,238402847.49741593,235318374.86027864
889,104.3281420217045,3839761.3533571535,Coal to NGCC,Coal,NGCC,1259.6,6492060.92,242242608.8507731,238402847.49741593
3954,104.40113653236747,2247906.266928695,Coal to NGCC,Coal,NGCC,1662.4,3803297.56,244490515.1177018,242242608.8507731
1710,104.46552364888323,4224710.781684816,Coal to NGCC,Coal,NGCC,1560.8,7152318.55,248715225.8993866,244490515.1177018
3298,104.89200698634353,1274634.7360225972,Coal to NGCC,Coal,NGCC,659.7,2166731.14,249989860.6354092,248715225.8993866
6085,105.02686026172007,1122765.9607666438,Coal to NGCC,Coal,NGCC,1105.0,1911025.58,251112626.59617585,249989860.6354092
997,105.4144118338351,925865.527556446,Coal to NGCC,Coal,NGCC,540.0,1581702.44,252038492.1237323,251112626.59617585
108,105.72161571136903,1019688.9610746531,Coal to NGCC,Coal,NGCC,348.7,1747062.29,253058181.08480695,252038492.1237323
2493,105.88899424846466,1242750.4854105096,Gas to NGCC,Gas,NGCC,716.2,2132611.0,254300931.57021746,253058181.08480695
6113,106.13220428088323,5192346.965114253,Coal to NGCC,Coal,NGCC,3339.5,8930746.66,259493278.53533173,254300931.57021746
2103,106.33427386354533,9658342.4070702,Coal to NGCC,Coal,NGCC,2389.4,16643809.94,269151620.94240195,259493278.53533176
6068,106.52746343138801,3846208.980594933,Coal to NGCC,Coal,NGCC,2160.0,6640049.91,272997829.9229969,269151620.94240195
994,106.72814880693696,3057568.879592251,Coal to NGCC,Coal,NGCC,1349.9,5288495.1,276055398.8025891,272997829.9229969
1241,106.87047117558627,4203075.56270866,Coal to NGCC,Coal,NGCC,1598.9,7279504.22,280258474.3652978,276055398.8025891
3944,106.90467240447907,7001783.291210761,Coal to NGCC,Coal,NGCC,2052.0,12130598.6,287260257.65650856,280258474.3652978
2291,106.91597455978778,995192.7626620578,Coal to NGCC,Coal,NGCC,644.7,1724355.03,288255450.4191706,287260257.65650856
6076,107.08439996318151,6864373.133241181,Coal to NGCC,Coal,NGCC,1647.4,11912528.99,295119823.5524118,288255450.4191706
8102,107.95710382971976,8389913.38935256,Coal to NGCC,Coal,NGCC,2600.0,14678632.01,303509736.94176435,295119823.5524118
703,108.17634211252292,6371897.579307195,Coal to NGCC,Coal,NGCC,3498.6,11170637.5,309881634.52107155,303509736.94176435
1733,108.93080667153265,7096147.373964538,Coal to NGCC,Coal,NGCC,3293.1000000000004,12527090.83,316977781.8950361,309881634.52107155
2832,109.29937469562134,1778075.4654324763,Coal to NGCC,Coal,NGCC,1180.8000000000002,3149522.73,318755857.36046857,316977781.8950361
3136,110.15128820935155,1721773.560636166,Coal to NGCC,Coal,NGCC,1883.2000000000003,3073565.66,320477630.9211047,318755857.36046857
7158,110.58826896235831,113561.49404791869,Gas to NGCC,Gas,NGCC,571.8,203524.66,320591192.41515267,320477630.9211047
8219,110.89636827893592,660694.5644683773,Coal to NGCC,Coal,NGCC,282.6,1187394.24,321251886.97962105,320591192.41515267
1384,110.9464665763107,299852.46413820155,Coal to NGCC,Coal,NGCC,344.0,539135.56,321551739.44375926,321251886.97962105
1356,111.10400193029832,5974553.455905948,Coal to NGCC,Coal,NGCC,2225.8999999999996,10757516.82,327526292.89966524,321551739.44375926
6481,111.53325100889707,2720296.411744947,Coal to NGCC,Coal,NGCC,1640.0,4916969.0,330246589.3114102,327526292.89966524
2442,111.61710214854577,4425724.991951319,Coal to NGCC,Coal,NGCC,1636.2,8005566.09,334672314.30336154,330246589.3114102
6004,111.93908479668526,2819130.866296774,Coal to NGCC,Coal,NGCC,1368.0,5114154.79,337491445.1696583,334672314.30336154
3118,112.01814414837659,1727646.1786318491,Coal to NGCC,Coal,NGCC,1963.0,3136317.76,339219091.34829015,337491445.1696583
6034,112.21289549232542,3576847.8411852685,Coal to NGCC,Coal,NGCC,1664.4,6504592.81,342795939.1894754,339219091.34829015
6761,112.84673224109827,891022.9033926963,Coal to NGCC,Coal,NGCC,800.4,1629501.39,343686962.0928681,342795939.1894754
7343,113.19518577940751,590686.6420638175,Coal to NGCC,Coal,NGCC,695.9,1083582.51,344277648.7349319,343686962.0928681
2828,113.34561929902762,5670288.995449016,Coal to NGCC,Coal,NGCC,1880.4,10415660.46,349947937.7303809,344277648.7349319
6264,113.45907476423083,2969268.550682945,Coal to NGCC,Coal,NGCC,1300.0,5459659.98,352917206.28106385,349947937.7303809
1001,113.55219637389462,2563985.84555005,Coal to NGCC,Coal,NGCC,1184.8999999999996,4718327.07,355481192.1266139,352917206.28106385
1004,113.93960204757948,1672054.171245553,Coal to NGCC,Coal,NGCC,812.7,3087464.14,357153246.2978595,355481192.1266139
6041,114.01368299728463,4532877.824323926,Coal to NGCC,Coal,NGCC,1608.5,8375444.57,361686124.12218344,357153246.2978595
6155,114.24857297272487,481246.367784008,Coal to NGCC,Coal,NGCC,1242.0,891035.75,362167370.48996747,361686124.12218344
8059,114.31768043875779,165430.60771878398,Gas to NGCC,Gas,NGCC,294.0,306482.83,362332801.09768623,362167370.48996747
6077,114.54104748779432,4399878.431083713,Coal to NGCC,Coal,NGCC,1362.6,8167303.75,366732679.52876997,362332801.09768623
2167,116.98364105844708,2626706.313458798,Coal to NGCC,Coal,NGCC,1300.0,4979818.71,369359385.8422288,366732679.52876997
1364,117.23742078213125,4362406.921115215,Coal to NGCC,Coal,NGCC,1717.1999999999998,8288373.42,373721792.763344,369359385.8422288
4162,117.29056786718873,1604719.3264945312,Gas to NGCC,Gas,NGCC,707.1999999999999,3050275.4,375326512.0898385,373721792.763344
7318,117.80984771207775,344.3428290577,Gas to NGCC,Gas,NGCC,45.1,657.43,375326856.43266755,375326512.0898385
2079,118.67660968350539,1471009.8501570383,Coal to NGCC,Coal,NGCC,1046.2,2829160.54,376797866.2828246,375326856.43266755
7203,118.7274446229992,12597.260975465098,Gas to NGCC,Gas,NGCC,381.6,24238.41,376810463.54380006,376797866.2828246
3470,119.56517634812552,5990912.778260779,Coal to NGCC,Coal,NGCC,4008.4000000000005,11608459.37,382801376.3220608,376810463.54380006
1206,119.66496348929532,3572.421812594,Gas to NGCC,Gas,NGCC,118.69999999999999,6927.98,382804948.7438734,382801376.3220608
3285,120.2365172074577,8964.989897857598,Gas to NGCC,Gas,NGCC,177.3,17468.8,382813913.73377126,382804948.7438734
6055,120.46943115496967,1262845.58612043,Coal to NGCC,Coal,NGCC,1902.9,2465494.23,384076759.3198917,382813913.73377126
8002,120.97935431036073,28097.704049228698,Oil to NGCC,Oil,NGCC,414.0,55088.25,384104857.0239409,384076759.3198917
3297,120.99180439465967,977892.396322538,Coal to NGCC,Coal,NGCC,771.8,1917449.36,385082749.42026347,384104857.0239409
3943,122.29073686624274,2433088.086075081,Coal to NGCC,Coal,NGCC,1152.0,4822011.86,387515837.50633854,385082749.42026347
2594,122.3578664380667,30899.282148855295,Oil to NGCC,Oil,NGCC,1803.6,61271.31,387546736.7884874,387515837.50633854
3161,123.04651303931391,15371.4168773221,Gas to NGCC,Gas,NGCC,861.6,30652.09,387562108.2053647,387546736.7884874
6463,124.09171467191835,1024.4127158489998,Oil to NGCC,Oil,NGCC,78.7,2060.13,387563132.61808056,387562108.2053647
2963,125.87409463103558,1849181.6422952886,Gas to NGCC,Gas,NGCC,1477.5,3772183.52,389412314.26037586,387563132.61808056
544,130.07633441033587,4446.0111561542,Oil to NGCC,Oil,NGCC,222.6,9372.29,389416760.271532,389412314.26037586
26,133.78385431805475,1717739.066385739,Coal to NGCC,Coal,NGCC,2034.0,3724241.0,391134499.33791775,389416760.271532
2952,133.8474909279937,877303.4762411562,Gas to NGCC,Gas,NGCC,1716.0,1902992.01,392011802.8141589,391134499.33791775
667,134.08191984176761,1634184.0774037251,Gas to NGCC,Gas,NGCC,1407.1000000000001,3550978.76,393645986.89156264,392011802.8141589
3096,135.13270739870006,37571.735212454994,Gas to NGCC,Gas,NGCC,365.4,82280.82,393683558.6267751,393645986.89156264
6156,136.21981077221065,15820.9231573561,Oil to NGCC,Oil,NGCC,641.5,34926.01,393699379.5499324,393683558.6267751
3992,136.78891719098337,6338.410598479398,Gas to NGCC,Gas,NGCC,100.0,14051.03,393705717.9605309,393699379.5499324
8007,136.98858418977616,11338.072045419996,Oil to NGCC,Oil,NGCC,567.0,25171.0,393717056.0325763,393705717.9605309
683,139.1123545368445,35382.2473280571,Gas to NGCC,Gas,NGCC,342.8,79767.87,393752438.27990437,393717056.0325763
55969,141.3897373135787,7238.253697096799,Oil to NGCC,Oil,NGCC,54.0,16585.5,393759676.53360146,393752438.27990437
3132,143.44922643400525,8435.8157363771,Gas to NGCC,Gas,NGCC,53.1,19611.11,393768112.3493378,393759676.53360146
1730,144.34940437384714,1047.773431317,Gas to NGCC,Gas,NGCC,121.6,2451.09,393769160.1227691,393768112.3493378
6046,145.23332632262859,43984.02233638999,Oil to NGCC,Oil,NGCC,748.0,103523.3,393813144.1451055,393769160.1227691
546,147.42756727282475,17017.169881233902,Oil to NGCC,Oil,NGCC,495.29999999999995,40657.71,393830161.3149867,393813144.1451055
3149,149.69929213356085,263934.4492280679,Gas to NGCC,Gas,NGCC,1757.9,640313.57,394094095.76421475,393830161.3149867
55381,152.23632973425055,9825.7425114219,Oil to NGCC,Oil,NGCC,402.5,24241.56,394103921.5067262,394094095.76421475
50865,152.6507866519857,83904.80611093619,Gas to NGCC,Gas,NGCC,38.9,207569.13,394187826.3128371,394103921.5067262
3648,157.34574600486675,110762.27224239967,Gas to NGCC,Gas,NGCC,432.79999999999995,282438.4,394298588.58507955,394187826.3128371
2951,157.38178665623641,514806.4728671481,Gas to Wind,Gas,Wind,947.0,792144.41,394813395.0579467,394298588.58507955
7288,157.84652596358896,12898.3410258001,Gas to NGCC,Gas,NGCC,112.8,32994.82,394826293.3989725,394813395.0579467
6223,159.95860593538842,173317.1906001276,Gas to Wind,Gas,Wind,379.0,240949.08,394999610.58957267,394826293.3989725
7032,159.97187643901052,34054.130532247,Gas to NGCC,Gas,NGCC,407.70000000000005,88285.69,395033664.72010493,394999610.58957267
2161,161.6062809298877,52753.47141269939,Gas to NGCC,Gas,NGCC,197.5,138161.22,395086418.19151765,395033664.72010493
7138,161.61345174110346,1532.5030318899996,Gas to NGCC,Gas,NGCC,76.8,4013.8,395087950.69454956,395086418.19151765
54041,162.0684479429452,25432.109494217595,Gas to NGCC,Gas,NGCC,221.3,66797.12,395113382.80404377,395087950.69454956
7212,162.25915771648937,45174.92887093299,Gas to NGCC,Gas,NGCC,368.4,118791.01,395158557.7329147,395113382.80404377
4076,162.2834466776603,72002.1199614598,Gas to NGCC,Gas,NGCC,187.1,189363.55,395230559.8528761,395158557.7329147
675,163.24701331441207,64670.006986079796,Gas to NGCC,Gas,NGCC,133.6,171090.16,395295229.8598622,395230559.8528761
4195,163.52579134196029,13755.962543575,Oil to NGCC,Oil,NGCC,112.2,36454.75,395308985.82240576,395295229.8598622
6584,164.46090205211743,269.69228334509995,Oil to NGCC,Oil,NGCC,126.49999999999999,718.8,395309255.5146891,395308985.82240576
564,164.9191170984813,2058361.669669198,Coal to NGCC,Coal,NGCC,1262.0,5501353.69,397367617.1843583,395309255.5146891
54537,164.97180641878484,375847.0178061635,Gas to NGCC,Gas,NGCC,285.5,1004841.86,397743464.2021645,397367617.1843583
54592,165.1578880927941,5376.728309166501,Gas to NGCC,Gas,NGCC,104.1,14391.11,397748840.9304736,397743464.2021645
7159,165.22352824946546,46547.9078739259,Gas to NGCC,Gas,NGCC,381.6,124637.56,397795388.83834755,397748840.9304736
1122,165.58250768928772,132387.6526828574,Gas to NGCC,Gas,NGCC,108.8,355253.87,397927776.4910304,397795388.83834755
7013,165.6964149405735,2603.2572151199997,Gas to Wind,Gas,Wind,28.1,3981.0,397930379.74824554,397927776.4910304
50137,167.02662926529305,13017.318746548697,Gas to NGCC,Gas,NGCC,101.9,35235.8,397943397.0669921,397930379.74824554
54854,167.05515373763478,11989.732186166797,Gas to NGCC,Gas,NGCC,222.0,32459.83,397955386.79917824,397943397.0669921
55787,167.2476004209545,5045.776764154099,Oil to NGCC,Oil,NGCC,100.0,13676.18,397960432.5759424,397955386.79917824
1891,170.8952729486356,39467.579137614586,Gas to NGCC,Gas,NGCC,116.0,109306.86,397999900.15508,397960432.5759424
7314,172.3001318830294,96978.13702720478,Gas to NGCC,Gas,NGCC,170.0,270792.31,398096878.2921072,397999900.15508
52176,172.92372112516532,37138.20356123969,Gas to NGCC,Gas,NGCC,230.0,104076.42,398134016.4956685,398096878.2921072
2727,173.55766940794817,2629950.156817995,Gas to NGCC,Gas,NGCC,2119.0,7397214.42,400763966.65248644,398134016.4956685
10405,175.51779842706816,1371.8196298659,Gas to NGCC,Gas,NGCC,36.2,3902.07,400765338.4721163,400763966.65248644
10870,175.58160797238412,8157.687864026399,Gas to Wind,Gas,Wind,171.5,12119.69,400773496.1599803,400765338.4721163
1104,179.95456620162767,5709.2413055054985,Gas to NGCC,Gas,NGCC,290.79999999999995,16650.15,400779205.4012858,400773496.1599803
7870,181.6095696839555,214158.59444800208,Gas to NGCC,Gas,NGCC,176.39999999999998,630305.53,400993363.99573386,400779205.4012858
3484,182.96858747918102,739952.1949490369,Gas to Wind,Gas,Wind,474.7,1307457.63,401733316.1906829,400993363.99573386
54593,183.06535218806428,1566.8518369513004,Gas to NGCC,Gas,NGCC,67.3,4648.48,401734883.04251987,401733316.1906829
7335,183.37816379456132,4660.2406132193,Gas to NGCC,Gas,NGCC,82.8,13849.46,401739543.2831331,401734883.04251987
3507,184.15448067425032,113698.04273117252,Gas to NGCC,Gas,NGCC,243.3,339322.11,401853241.32586426,401739543.2831331
54131,184.16120842953828,17082.869704212695,Gas to NGCC,Gas,NGCC,65.7,50984.23,401870324.19556844,401853241.32586426
54324,185.90833863562992,242639.47514195796,Gas to NGCC,Gas,NGCC,254.2,731033.38,402112963.6707104,401870324.19556844
1271,186.60632541118093,7482.767848398,Gas to Wind,Gas,Wind,44.0,11711.92,402120446.43855876,402112963.6707104
54476,187.14488295917417,192471.66535464601,Gas to NGCC,Gas,NGCC,125.5,583742.94,402312918.1039134,402120446.43855876
1572,187.634969106273,97800.57225738598,Gas to NGCC,Gas,NGCC,326.0,297393.9,402410718.6761708,402312918.1039134
1230,188.12592103783433,8581.5684250162,Gas to NGCC,Gas,NGCC,65.0,26163.28,402419300.2445958,402410718.6761708
51030,189.45287312702087,286299.3025867786,Gas to NGCC,Gas,NGCC,254.2,879019.21,402705599.5471826,402419300.2445958
2956,190.73040944998678,1587591.3569005989,Gas to Wind,Gas,Wind,1701.0,2795623.1,404293190.9040832,402705599.5471826
160,190.93370748573437,658610.3467990401,Gas to NGCC,Gas,NGCC,660.7,2037924.24,404951801.2508822,404293190.9040832
54640,191.36111757234286,53227.17483011988,Gas to NGCC,Gas,NGCC,236.8,165068.42,405005028.42571235,404951801.2508822
3775,195.50546304931132,29299.047945212402,Gas to NGCC,Gas,NGCC,475.0,92830.2,405034327.47365755,405005028.42571235
50978,196.731133371075,42838.3385700259,Gas to NGCC,Gas,NGCC,122.6,136578.58,405077165.81222755,405034327.47365755
2226,198.96860613526272,16725.49215849,Gas to Wind,Gas,Wind,108.8,26021.16,405093891.304386,405077165.81222755
4940,199.5168290788018,391525.7601036795,Gas to NGCC,Gas,NGCC,1121.7,1265950.59,405485417.0644897,405093891.304386
1599,200.30756071892648,27376.044312468395,Oil to NGCC,Oil,NGCC,1495.0,88867.9,405512793.1088022,405485417.0644897
1235,201.537651237182,22101.6619210311,Gas to Wind,Gas,Wind,81.6,37086.57,405534894.7707232,405512793.1088022
52087,201.65615205429933,33711.43505778099,Gas to NGCC,Gas,NGCC,388.79999999999995,110170.57,405568606.205781,405534894.7707232
3576,201.83965077213188,74844.0304881975,Gas to Wind,Gas,Wind,427.7,126445.5,405643450.2362692,405568606.205781
50744,201.8688121050737,467.65791782489987,Gas to NGCC,Gas,NGCC,65.3,1529.94,405643917.894187,405643450.2362692
2450,202.20206744124283,137389.30472390607,Gas to NGCC,Gas,NGCC,154.0,450210.27,405781307.1989109,405643917.894187
7698,202.82645950001114,30607.278995194996,Gas to NGCC,Gas,NGCC,97.0,940079.75,405811914.4779061,405781307.1989109
3008,203.16277494480565,60138.3814355187,Gas to Wind,Gas,Wind,305.0,104270.15,405872052.8593416,405811914.4779061
2964,203.7343836205041,710238.6337878557,Gas to Wind,Gas,Wind,658.0,1161258.72,406582291.4931295,405872052.8593416
10726,204.12385207328362,133791.7978325475,Gas to NGCC,Gas,NGCC,260.9,442588.5,406716083.29096204,406582291.4931295
6358,205.58712316647907,15108.1750687311,Gas to Wind,Gas,Wind,90.5,25383.27,406731191.4660308,406716083.29096204
10307,206.38874340886176,22403.80111547541,Gas to NGCC,Gas,NGCC,386.09999999999997,74934.98,406753595.2671462,406731191.4660308
1233,207.0028381892753,69118.6953136581,Gas to Wind,Gas,Wind,149.0,118567.95,406822713.96245986,406753595.2671462
3628,208.3378624186386,150858.67482820395,Gas to NGCC,Gas,NGCC,603.6,509348.9,406973572.6372881,406822713.96245986
3491,208.6328014780244,481367.9365592828,Gas to NGCC,Gas,NGCC,1314.8,1627558.58,407454940.57384735,406973572.6372881
10633,209.94168813606154,206739.3515598848,Gas to NGCC,Gas,NGCC,399.0,703394.09,407661679.92540723,407454940.57384735
2965,210.3251122153718,71034.3504464069,Gas to NGCC,Gas,NGCC,348.2,242123.21,407732714.27585363,407661679.92540723
2047,210.38596666483258,174726.92741126317,Gas to NGCC,Gas,NGCC,170.5,595735.51,407907441.2032649,407732714.27585363
8054,210.47683340704006,66525.4004959916,Gas to NGCC,Gas,NGCC,781.4,226917.86,407973966.6037609,407907441.2032649
3148,214.34821705107572,176836.06244279622,Gas to NGCC,Gas,NGCC,1701.0,614281.72,408150802.6662037,407973966.6037609
4266,219.7768486912002,15356.939908487504,Gas to NGCC,Gas,NGCC,126.5,54697.0,408166159.6061122,408150802.6662037
3453,220.2902036688933,177266.53277024257,Gas to NGCC,Gas,NGCC,852.2,632847.13,408343426.1388824,408166159.6061122
1417,220.6574582186059,40660.616856025204,Gas to NGCC,Gas,NGCC,228.0,145401.69,408384086.75573844,408343426.1388824
6035,224.258470526797,617252.6692379762,Gas to Wind,Gas,Wind,1071.3,1100721.93,409001339.4249764,408384086.75573844
350,224.39186019814917,73667.49929480629,Gas to NGCC,Gas,NGCC,1612.0,267892.1,409075006.9242712,409001339.4249764
8042,224.87085240900797,2491210.3391182395,Gas to NGCC,Gas,NGCC,2491.2,9078632.66,411566217.26338947,409075006.9242712
593,225.92973758158794,72780.58319802299,Gas to NGCC,Gas,NGCC,710.3,266480.73,411638997.8465875,411566217.26338947
2454,226.43667452088573,865425.1666321224,Gas to Wind,Gas,Wind,519.1999999999999,1473710.54,412504423.0132196,411638997.8465875
3452,228.42928287077785,563633.572882743,Gas to Wind,Gas,Wind,927.5,936651.69,413068056.58610237,412504423.0132196
8056,229.53109660946976,63922.516030946805,Gas to NGCC,Gas,NGCC,932.0,237778.33,413131979.10213333,413068056.58610237
663,229.80982633610532,249049.89489498874,Gas to NGCC,Gas,NGCC,471.0,927538.27,413381028.99702835,413131979.10213333
2330,230.72591193092032,118233.73487905378,Gas to NGCC,Gas,NGCC,230.0,442094.04,413499262.7319074,413381028.99702835
3485,232.70915786677676,383268.4126387875,Gas to Wind,Gas,Wind,336.4,690767.61,413882531.1445462,413499262.7319074
2517,233.5061825472988,233258.1940460979,Gas to Wind,Gas,Wind,498.0,392069.31,414115789.3385923,413882531.1445462
1571,234.9056163583186,204720.07730505912,Gas to NGCC,Gas,NGCC,1825.0,779346.73,414320509.41589737,414115789.3385923
562,236.49031353625213,52636.8557586907,Oil to NGCC,Oil,NGCC,786.4,201734.5,414373146.27165604,414320509.41589737
641,237.17440148232907,655990.2700454253,Gas to NGCC,Gas,NGCC,2107.5,2521401.99,415029136.54170144,414373146.27165604
8048,240.88767566870553,495367.505249636,Gas to NGCC,Gas,NGCC,1112.4,1933833.04,415524504.04695106,415029136.54170144
3490,241.1877028387363,630749.6271268713,Gas to Wind,Gas,Wind,634.7,1200760.55,416155253.6740779,415524504.04695106
2446,242.48917984116412,277332.0036644646,Gas to Wind,Gas,Wind,212.0,502608.49,416432585.6777424,416155253.6740779
7873,242.4941011249989,1016306.3877291116,Gas to NGCC,Gas,NGCC,2398.9,3993950.83,417448892.06547153,416432585.6777424
57865,242.94500159712086,490978.37586627266,Gas to Wind,Gas,Wind,167.40000000000003,942939.36,417939870.4413378,417448892.06547153
3482,245.0832235043375,1074515.8931385523,Gas to Wind,Gas,Wind,860.4000000000001,1924611.04,419014386.33447635,417939870.4413378
2516,245.7348287903492,1411166.3538204595,Gas to Wind,Gas,Wind,1564.0,2555833.29,420425552.6882968,419014386.33447635
2322,248.92712913767363,33738.21716453751,Gas to NGCC,Gas,NGCC,1375.6,136104.11,420459290.9054613,420425552.6882968
1682,249.75705099417115,13023.544315433901,Gas to NGCC,Gas,NGCC,118.0,52713.74,420472314.44977677,420459290.9054613
8006,249.87553324362017,51317.957185675594,Gas to NGCC,Gas,NGCC,1242.0,207811.69,420523632.40696245,420472314.44977677
2480,250.60187005275435,4925.0384992204,Gas to NGCC,Gas,NGCC,537.4000000000001,20001.88,420528557.4454617,420523632.40696245
1416,250.61411836973218,606703.8101714544,Gas to NGCC,Gas,NGCC,125.0,2464104.58,421135261.2556331,420528557.4454617
165,251.50343066229698,1953700.7637498614,Coal to Wind,Coal,Wind,1194.3,3790234.8,423088962.01938295,421135261.2556331
1402,251.90892423020512,147320.81730837654,Gas to NGCC,Gas,NGCC,1002.9000000000001,601429.26,423236282.8366913,423088962.01938295
2511,252.39741279410813,854074.6023003192,Gas to Wind,Gas,Wind,669.2,1525372.43,424090357.43899167,423236282.8366913
50815,253.2679366617861,906897.1931259369,Gas to NGCC,Gas,NGCC,643.6,3722332.38,424997254.6321176,424090357.43899167
3504,255.0765225146306,267384.74943755707,Gas to NGCC,Gas,NGCC,713.4000000000001,1105309.75,425264639.3815552,424997254.6321176
50449,256.1600332333937,21203.401196925,Gas to Wind,Gas,Wind,56.599999999999994,41692.5,425285842.7827521,425264639.3815552
1400,257.06208192259083,43934.84627004578,Gas to NGCC,Gas,NGCC,390.7,183030.73,425329777.6290221,425285842.7827521
3138,261.19841147897256,224822.18467271625,Gas to NGCC,Gas,NGCC,354.4,951670.43,425554599.81369483,425329777.6290221
170,263.6806121836416,41110.9117532569,Gas to NGCC,Gas,NGCC,552.5,175675.9,425595710.7254481,425554599.81369483
3611,264.4541098854659,460816.3985962592,Gas to NGCC,Gas,NGCC,892.0,1974945.55,426056527.12404436,425595710.7254481
141,264.8060011387168,38100.57128954498,Oil to NGCC,Oil,NGCC,712.3,163506.94,426094627.6953339,426056527.12404436
50450,266.7750824040763,16994.2909851,Gas to Wind,Gas,Wind,57.400000000000006,36060.0,426111621.986319,426094627.6953339
2490,267.7824038750405,257623.82397999015,Gas to NGCC,Gas,NGCC,895.5,1118008.07,426369245.810299,426111621.986319
126,269.18706981321566,196437.19483437447,Gas to NGCC,Gas,NGCC,528.9000000000001,856948.65,426565683.00513333,426369245.810299
607,272.59406216292035,65768.223860075,Gas to NGCC,Gas,NGCC,375.99999999999994,290542.31,426631451.2289934,426565683.00513333
136,273.1486073193575,2349045.7173619387,Coal to NGCC,Coal,NGCC,1897.8,10398419.64,428980496.94635534,426631451.2289934
50558,275.03135189465746,283377.1622690655,Gas to Wind,Gas,Wind,131.4,656566.42,429263874.1086244,428980496.94635534
1660,277.2448290997399,7229.792357652501,Gas to NGCC,Gas,NGCC,217.0,32483.75,429271103.900982,429263874.1086244
4939,277.5511017634445,716400.2894228919,Gas to Wind,Gas,Wind,1082.2,1608944.89,429987504.1904049,429271103.900982
3140,278.51944296999363,660182.860369328,Gas to NGCC,Gas,NGCC,1616.1,2979865.37,430647687.0507742,429987504.1904049
3478,278.65686426304984,263826.49177506997,Gas to NGCC,Gas,NGCC,882.0,1191420.39,430911513.5425493,430647687.0507742
2527,278.95237900276413,352020.59894053347,Gas to Wind,Gas,Wind,112.0,665425.54,431263534.14148986,430911513.5425493
50949,279.44192267359165,1792.3367693927994,Gas to NGCC,Gas,NGCC,470.1,8116.86,431265326.47825927,431263534.14148986
10169,279.58337849142697,6456.882136636299,Gas to NGCC,Gas,NGCC,55.8,29255.74,431271783.3603959,431265326.47825927
7456,280.4693076334629,172078.2995354206,Gas to NGCC,Gas,NGCC,166.4,782146.9,431443861.6599313,431271783.3603959
3131,283.0151181801438,375251.3808789841,Gas to NGCC,Gas,NGCC,632.0,1721110.74,431819113.0408103,431443861.6599313
3601,283.3009766917153,275771.9665162216,Gas to NGCC,Gas,NGCC,623.0,1266120.58,432094885.0073265,431819113.0408103
50707,283.6924252236925,188814.88391591667,Gas to NGCC,Gas,NGCC,396.9,868082.19,432283699.8912424,432094885.0073265
10349,284.3847518099722,11217.732723953199,Gas to NGCC,Gas,NGCC,49.5,51699.73,432294917.62396634,432283699.8912424
7348,286.55136193909226,329.46711552,Oil to NGCC,Oil,NGCC,183.8,1530.0,432295247.09108186,432294917.62396634
3460,286.96135995070466,661313.1304934334,Gas to NGCC,Gas,NGCC,1530.0,3075441.34,432956560.2215753,432295247.09108186
2098,287.66825952397846,37149.5454946002,Gas to Wind,Gas,Wind,278.4,73564.88,432993709.76706994,432956560.2215753
50109,288.1353019592751,387917.8739327313,Gas to Wind,Gas,Wind,265.6,832018.65,433381627.64100266,432993709.76706994
990,288.30770132822283,657287.3177015622,Gas to NGCC,Gas,NGCC,1044.7,3071060.53,434038914.95870423,433381627.64100266
6639,289.40815907469204,107043.5861701767,Coal to Wind,Coal,Wind,586.0,196410.12,434145958.5448744,434038914.95870423
2444,289.7773824538129,206103.38169013342,Gas to NGCC,Gas,NGCC,398.3,967891.07,434352061.9265646,434145958.5448744
3476,289.80072573223475,273409.0503512994,Gas to Wind,Gas,Wind,351.0,501603.96,434625470.9769159,434352061.9265646
728,292.07076751221604,503004.5976311001,Gas to NGCC,Gas,NGCC,807.4,2380876.82,435128475.574547,434625470.9769159
3457,294.08074393429587,384592.1818196097,Gas to NGCC,Gas,NGCC,542.8,1832921.73,435513067.7563666,435128475.574547
50451,294.6811173146943,16901.349912585,Gas to Wind,Gas,Wind,59.900000000000006,32674.75,435529969.1062792,435513067.7563666
3459,294.7408718008079,818301.7864571821,Gas to NGCC,Gas,NGCC,1811.8000000000002,3908685.64,436348270.8927364,435529969.1062792
6243,298.89525774586605,100741.6933882911,Gas to Wind,Gas,Wind,203.2,212478.56,436449012.58612466,436348270.8927364
10776,306.95731761559875,1135.7160082824,Gas to NGCC,Gas,NGCC,48.5,5649.69,436450148.30213296,436449012.58612466
10,310.52019325456746,295390.835313125,Gas to NGCC,Gas,NGCC,1288.4,1486496.0,436745539.1374461,436450148.30213296
54547,311.95625581110465,1567772.1363045643,Gas to Wind,Gas,Wind,1086.1,4019318.9,438313311.27375066,436745539.1374461
50799,312.5020650968609,1710.5451108971993,Gas to NGCC,Gas,NGCC,135.0,8662.92,438315021.81886154,438313311.27375066
2049,320.96698331098554,666776.3277026918,Gas to NGCC,Gas,NGCC,919.1,3468306.05,438981798.14656425,438315021.81886154
120,321.09821466334245,32788.38709679739,Gas to NGCC,Gas,NGCC,417.0,170621.92,439014586.53366107,438981798.14656425
10620,322.6573520533639,1179.70298388,Gas to Wind,Gas,Wind,62.9,2292.92,439015766.2366449,439014586.53366107
2625,325.4250491436669,184969.2533714394,Gas to NGCC,Gas,NGCC,1242.0,975500.29,439200735.49001634,439015766.2366449
54574,331.2255533950893,45491.1737504614,Gas to NGCC,Gas,NGCC,285.6,244189.99,439246226.6637668,439200735.49001634
1353,345.54898942398944,219126.4310175997,Gas to NGCC,Gas,NGCC,280.5,1227103.72,439465353.0947844,439246226.6637668
3797,352.19421144745417,440315.1847582165,Gas to NGCC,Gas,NGCC,446.59999999999997,2513175.15,439905668.2795426,439465353.0947844
10294,357.4169416539058,34584.919832745,Gas to Solar,Gas,Solar,133.2,69294.92,439940253.1993754,439905668.2795426
54114,360.9032248673648,222890.7258156213,Gas to Wind,Gas,Wind,121.2,476184.04,440163143.925191,439940253.1993754
10621,363.4894325292679,5581.8947585142,Gas to Wind,Gas,Wind,102.7,12237.82,440168725.8199495,440163143.925191
10751,364.801992811876,13371.610698916102,Gas to NGCC,Gas,NGCC,172.9,79052.9,440182097.43064845,440168725.8199495
1336,365.64016113506267,31619.2976682417,Gas to Wind,Gas,Wind,256.3,87606.57,440213716.72831666,440182097.43064845
7153,369.3040664528398,912954.5325840743,Gas to Wind,Gas,Wind,1098.2,1813345.07,441126671.26090074,440213716.72831666
54768,369.8524876920842,5011.727160199798,Gas to NGCC,Gas,NGCC,46.0,30039.51,441131682.98806095,441126671.26090074
50612,372.1479011545367,6364.1375814231,Gas to NGCC,Gas,NGCC,46.0,38382.39,441138047.12564236,441131682.98806095
3,372.17254589170034,1642919.5431472096,Coal to NGCC,Coal,NGCC,3343.4999999999995,9909175.25,442780966.66878957,441138047.12564236
7145,380.423050076573,6662.585789866799,Gas to Wind,Gas,Wind,179.8,16585.63,442787629.2545794,442780966.66878957
52026,383.08190283956577,17549.333800101,Gas to Wind,Gas,Wind,97.39999999999999,35661.67,442805178.5883795,442787629.2545794
628,389.9343588237986,2666198.903264244,Coal to NGCC,Coal,NGCC,3449.0,16848487.89,445471377.4916437,442805178.5883795
10725,390.99168091319,70294.7641156299,Gas to Wind,Gas,Wind,446.0,154922.95,445541672.25575936,445471377.4916437
10190,392.64429695671384,45641.1979837917,Gas to Wind,Gas,Wind,72.0,93552.14,445587313.45374316,445541672.25575936
54271,399.39939020888215,33180.424532961915,Gas to NGCC,Gas,NGCC,127.2,214766.34,445620493.8782761,445587313.45374316
54694,402.13218621138066,23687.773974948395,Gas to NGCC,Gas,NGCC,62.6,154372.51,445644181.65225106,445620493.8782761
2500,402.6915500298172,1284863.5993431625,Gas to Wind,Gas,Wind,2095.5,2845623.8,446929045.25159425,445644181.65225106
54034,406.14282391717467,11865.068691299999,Gas to Wind,Gas,Wind,88.2,24664.01,446940910.32028556,446929045.25159425
50561,411.0718095256711,110229.3666392301,Gas to Wind,Gas,Wind,251.8,247967.47,447051139.6869248,446940910.32028556
7350,420.2482334081769,1555753.9021772551,Gas to Wind,Gas,Wind,296.0,4271182.42,448606893.5891021,447051139.6869248
54149,422.88706656581536,169568.7360783768,Gas to Wind,Gas,Wind,47.0,494998.45,448776462.3251805,448606893.5891021
3441,426.33066583669114,446417.30555213493,Gas to Wind,Gas,Wind,730.2,1117916.86,449222879.6307326,448776462.3251805
389,430.3598839641859,509655.7194516783,Gas to Solar,Gas,Solar,358.29999999999995,1135303.48,449732535.35018426,449222879.6307326
10308,430.3944002032587,438916.44662644947,Gas to Wind,Gas,Wind,430.20000000000005,992449.21,450171451.7968107,449732535.35018426
54749,436.3226446070681,1987.214988531201,Gas to NGCC,Gas,NGCC,51.400000000000006,14051.72,450173439.0117992,450171451.7968107
54076,444.72330833896535,5122.0630982924995,Gas to NGCC,Gas,NGCC,90.6,36915.75,450178561.0748975,450173439.0117992
3612,445.7985776719411,2074273.4030964342,Gas to Wind,Gas,Wind,1138.0,4711106.43,452252834.47799397,450178561.0748975
3287,446.90093697007757,365454.20993619686,Gas to Solar,Gas,Solar,293.6,782344.96,452618288.68793017,452252834.47799397
54426,449.7456471188925,188579.24505922679,Gas to Wind,Gas,Wind,127.7,442418.45,452806867.9329894,452618288.68793017
645,456.7500893504161,2993348.5693305954,Coal to Solar,Coal,Solar,1797.0,6852304.87,455800216.50232,452806867.9329894
6073,464.1658653279393,1430076.2523006364,Coal to NGCC,Coal,NGCC,2229.0,10757448.47,457230292.7546206,455800216.50232
54844,469.9247282217006,417314.8512204147,Gas to Wind,Gas,Wind,300.4,932516.05,457647607.60584104,457230292.7546206
54805,477.7625636482956,97561.2843598464,Gas to Wind,Gas,Wind,249.3,221815.02,457745168.8902009,457647607.60584104
52088,482.902987601786,1039713.7606299784,Gas to Wind,Gas,Wind,450.0,2639600.76,458784882.65083086,457745168.8902009
1403,484.6828562899312,3705018.016641661,Gas to Solar,Gas,Solar,2439.7,8260547.84,462489900.66747254,458784882.65083086
10650,490.7568969064452,3277.7205000391004,Gas to NGCC,Gas,NGCC,46.0,26068.45,462493178.3879726,462489900.66747254
673,516.3581715650151,34.377764206500004,Oil to Solar,Oil,Solar,98.7,83.8,462493212.7657368,462493178.3879726
1396,523.3522687482467,1624023.2303933983,Gas to Solar,Gas,Solar,922.8,4046054.3,464117235.9961302,462493212.7657368
2398,524.1712673435159,1105932.5221160755,Gas to Wind,Gas,Wind,1400.8,2746965.3,465223168.5182463,464117235.9961302
10034,530.4460903379634,7045.333904655294,Gas to NGCC,Gas,NGCC,130.0,60564.72,465230213.852151,465223168.5182463
54466,541.740108845859,436118.88042762113,Gas to Solar,Gas,Solar,122.4,1039304.12,465666332.7325786,465230213.852151
6042,542.4003029001406,2420348.500393216,Gas to Solar,Gas,Solar,2951.1999999999994,6747495.01,468086681.2329718,465666332.7325786
7605,552.6597023068255,699531.2752017536,Gas to Wind,Gas,Wind,248.0,1859457.55,468786212.5081735,468086681.2329718
612,566.536353582352,4122319.1575797047,Gas to Solar,Gas,Solar,2680.8999999999996,10901489.39,472908531.66575325,468786212.5081735
620,568.1080344238292,3024040.3940202068,Gas to Solar,Gas,Solar,2377.7999999999997,8049244.77,475932572.05977345,472908531.66575325
688,605.6782250242937,617420.1963149712,Gas to Solar,Gas,Solar,673.1,1498948.6,476549992.25608844,475932572.05977345
315,610.147344436419,348981.07688140124,Gas to NGCC,Gas,NGCC,1115.0,3450749.9,476898973.33296984,476549992.25608844
469,668.774416814657,1505626.7103249822,Gas to Solar,Gas,Solar,1006.4000000000001,3788310.81,478404600.04329485,476898973.33296984
335,695.6980265900669,1269025.3882523547,Gas to Solar,Gas,Solar,218.0,3299132.1,479673625.4315472,478404600.04329485
3176,718.311412566647,262049.7017500461,Gas to Solar,Gas,Solar,145.9,625646.86,479935675.13329726,479673625.4315472
