Facility ID,Latitude,Longitude,wind_cf,pvout
3,31.0069,-88.0103,0.17066957,1559.983
10,32.6017,-87.7811,0.22265717,1548.295
26,33.244211,-86.458056,0.20900571,1537.702
47,34.7439,-87.8486,0.26394117,1500.082
54,37.8833,-84.1017,0.2608638,1405.847
56,31.488019,-87.910747,0.19005698,1561.809
59,40.854765,-98.348222,0.41150495,1576.784
60,40.580872,-98.312437,0.45317397,1586.281
108,37.9308,-100.9725,0.43814236,1717.771
113,34.9394,-110.3033,0.14044663,1906.97
116,33.4225,-111.9122,0.06670708,1890.899
117,33.4417,-112.1583,0.045467876,1898.935
118,32.5517,-111.3,0.11751835,1910.623
120,32.7214,-114.7106,0.2054651,1916.102
124,32.252273,-110.992148,0.07167208,1907.701
126,32.16,-110.9047,0.1058027,1928.52
130,33.371506,-80.113235,0.27377507,1580.072
136,29.733056,-81.632778,0.1774386,1588.472
141,33.5561,-112.2153,0.054393373,1900.396
147,33.3556,-111.9353,0.050698236,1898.204
160,32.0603,-109.8931,0.1066012,1946.052
165,36.190278,-95.2894,0.4096539,1541.355
170,34.4341,-92.9049,0.18374923,1497.525
201,35.462382,-93.804926,0.2295805,1532.954
260,36.804837,-121.782241,0.169046,1677.958
298,31.4219,-96.2525,0.4151581,1548.295
315,33.7688,-118.1009,0.050129134,1798.856
335,33.6439,-117.9792,0.09951902,1767.445
341,33.7641,-118.2248,0.04975133,1805.796
350,34.1292,-119.1689,0.19938384,1755.757
356,33.8504,-118.395,0.10050564,1754.296
358,34.0818,-117.2418,0.022937294,1848.165
377,34.1556,-118.2782,0.026861465,1813.832
384,41.494636,-88.123827,0.32128504,1405.847
389,32.802222,-115.54,0.18865246,1932.903
399,33.7706,-118.2656,0.04456671,1808.353
400,33.764741,-118.09913,0.058219694,1799.952
404,33.918151,-118.427648,0.10499862,1724.711
408,34.244991,-118.391327,0.07322737,1845.974
422,34.126,-118.1494,0.023347633,1793.012
469,39.807275,-104.964548,0.10297655,1733.111
470,38.2081,-104.5747,0.17595851,1812.005
492,38.824444,-104.833333,0.14579158,1747.356
525,40.4856,-107.185,0.09593789,1651.66
533,31.400255,-86.476449,0.20016138,1569.844
544,41.209797,-73.108976,0.27363214,1471.227
546,41.4281,-72.1019,0.24310093,1452.599
562,41.554944,-72.579075,0.22609979,1413.883
564,28.4822,-81.1678,0.15554336,1598.699
568,41.1706,-73.1844,0.27009085,1470.131
589,44.4917,-73.208056,0.2945655,1313.074
593,39.73886,-75.50384,0.30018365,1444.929
594,38.5857,-75.2341,0.3743832,1482.55
602,39.182073,-76.537151,0.2890453,1457.713
607,48.4558,-122.4358,0.25215584,1257.921
609,28.4698,-80.7644,0.22524682,1619.518
612,26.6967,-81.7831,0.18959737,1646.547
613,26.0686,-80.1984,0.114792734,1588.472
617,26.0856,-80.1253,0.22250372,1641.068
619,26.7653,-80.0525,0.23929945,1649.834
620,28.8419,-81.3256,0.20415485,1600.16
621,25.4356,-80.3308,0.24404438,1673.576
628,28.9656,-82.6977,0.22742099,1672.48
634,27.859535,-82.601759,0.2748583,1684.898
641,30.5661,-87.2244,0.19889465,1573.132
643,30.2686,-85.7003,0.20788412,1624.997
645,27.7944,-82.4036,0.23578747,1658.235
663,29.7592,-82.3878,0.17735706,1584.454
664,29.6461,-82.3208,0.1519824,1595.777
666,30.364818,-81.625967,0.22591475,1587.011
667,30.4172,-81.5525,0.26871595,1595.777
673,26.612767,-80.0677,0.2003818,1631.206
675,28.0491,-81.9238,0.19077097,1626.458
676,28.0801,-81.9229,0.21854363,1622.44
683,28.493232,-80.780124,0.2165826,1619.884
688,30.4522,-84.4,0.13422348,1576.419
689,30.162304,-84.200673,0.1405541,1606.004
703,34.1256,-84.9222,0.24718238,1521.632
710,33.8239,-84.4758,0.12969139,1539.529
728,33.4622,-84.8986,0.14346054,1545.738
762,36.71979,-97.085758,0.38146773,1614.405
874,41.4931,-88.1153,0.33369902,1404.386
876,39.590556,-89.496389,0.4089082,1449.312
879,40.5408,-89.6786,0.36412358,1437.259
889,38.205,-89.8544,0.39211074,1477.436
913,38.6642,-90.1764,0.31570065,1484.376
963,39.754803,-89.602389,0.37386692,1444.198
976,37.619747,-88.953114,0.3671576,1462.461
983,38.7378,-85.4206,0.2829384,1413.152
990,39.711319,-86.196867,0.25927398,1420.822
991,39.48517,-86.4183,0.2449187,1414.978
994,38.5281,-87.2525,0.3668186,1436.163
997,41.7208,-86.9086,0.41827697,1361.652
1001,39.9242,-87.4244,0.3429088,1422.284
1004,38.8067,-87.2472,0.36311918,1441.276
1007,40.0969,-85.9714,0.3656396,1420.457
1012,37.9111,-87.3275,0.36368605,1450.042
1040,39.8028,-84.8953,0.3472297,1396.351
1082,41.18,-95.8408,0.4123382,1483.645
1091,42.32517,-96.37971,0.406759,1484.011
1104,40.7412,-91.116667,0.37670943,1436.528
1122,42.0258,-93.6089,0.35541466,1464.653
1131,42.5267,-92.4394,0.35703495,1447.12
1167,41.3917,-91.0569,0.37793908,1442.372
1206,41.1136,-94.3472,0.48422128,1503.369
1217,43.1606,-95.2569,0.44809517,1501.543
1230,37.1611,-100.7619,0.37457547,1726.537
1233,37.7328,-99.9497,0.440097,1703.526
1235,38.41,-98.8689,0.4421692,1647.643
1239,37.072616,-94.698704,0.45475885,1539.164
1240,37.7903,-97.521667,0.44578153,1615.501
1241,38.3481,-94.6456,0.44816652,1511.039
1250,39.0072,-95.269167,0.3661378,1532.224
1268,37.6953,-95.4586,0.44856074,1559.618
1271,37.037344,-95.612689,0.44544327,1563.635
1336,37.9703,-100.8956,0.40242365,1718.866
1353,38.1707,-82.6176,0.15856269,1374.436
1355,37.78831,-84.71257,0.39902323,1421.918
1356,38.7497,-85.035,0.24544632,1395.986
1363,38.1831,-85.8892,0.24506523,1437.624
1364,38.0525,-85.9103,0.2517883,1430.319
1366,38.223592,-85.841704,0.22936334,1439.085
1378,37.2608,-86.9783,0.28931174,1443.833
1379,37.1517,-88.775,0.34112734,1465.018
1384,36.9981,-84.5919,0.21152961,1418.266
1391,30.4922,-91.1864,0.21617115,1546.469
1393,30.2844,-93.2911,0.22577636,1503.369
1396,30.8439,-92.261111,0.24179873,1530.763
1400,29.822222,-91.5425,0.23613705,1545.738
1402,30.005067,-90.461694,0.23126702,1546.103
1403,29.9472,-90.1458,0.20296797,1562.539
1416,32.5181,-93.7611,0.2377315,1534.05
1417,32.7047,-93.9597,0.2690617,1519.805
1464,30.6739,-91.3556,0.29455185,1550.486
1507,43.7508,-70.1567,0.41630846,1431.05
1554,39.1781,-76.5268,0.28516245,1453.695
1556,39.442836,-76.221761,0.2935607,1460.635
1564,38.4878,-75.8208,0.3494736,1498.986
1571,38.5444,-76.6861,0.28207362,1484.376
1572,39.2097,-77.4644,0.2959008,1433.241
1573,38.3592,-76.9767,0.311705,1491.681
1588,42.3908,-71.0675,0.2945766,1453.695
1595,42.3633,-71.0792,0.2881576,1453.695
1599,41.7694,-70.5097,0.3610077,1440.546
1660,42.235,-70.9672,0.33914453,1434.337
1682,41.8653,-71.1061,0.2640567,1444.198
1702,43.644996,-83.840074,0.4301526,1363.844
1710,42.910296,-86.20074,0.4141546,1325.858
1728,42.2947,-83.1019,0.27634126,1353.982
1730,42.5497,-83.4425,0.35565853,1366.035
1733,41.8906,-83.3464,0.43672997,1349.599
1891,47.5306,-92.1619,0.33564246,1376.992
1893,47.2611,-93.6528,0.39947754,1396.716
1904,44.8108,-93.2501,0.27936712,1425.206
1912,44.9314,-93.1117,0.24354346,1417.17
1915,45.03,-92.7786,0.38555574,1409.5
1927,45.0203,-93.2753,0.28022233,1436.894
2038,45.601,-93.2081,0.41893208,1443.833
2039,45.296797,-93.558447,0.4219687,1437.624
2047,30.34,-88.4919,0.3042385,1639.242
2049,30.4392,-89.0286,0.22768149,1601.256
2070,31.528,-89.3004,0.19126205,1547.93
2079,39.1306,-94.4778,0.28393093,1520.901
2098,39.7246,-94.8773,0.3655763,1512.5
2103,38.562244,-90.837686,0.3137154,1477.071
2107,38.915479,-90.290247,0.3303633,1467.209
2161,37.108611,-93.261944,0.39035562,1529.667
2167,36.5147,-89.5617,0.36625707,1496.794
2168,39.5522,-92.6381,0.4592866,1474.514
2176,47.0539,-104.74,0.26664895,1503.369
2226,40.6942,-99.7011,0.4152562,1620.98
2240,41.4281,-96.4623,0.39349556,1504.83
2241,40.9228,-98.3269,0.39454097,1573.862
2277,40.5589,-96.7847,0.47525495,1547.93
2291,41.32909,-95.94466,0.3659231,1486.933
2292,41.170594,-95.970603,0.3798953,1507.387
2322,36.0875,-115.0507,0.11886233,1900.761
2330,39.1281,-119.1322,0.12188766,1853.644
2336,39.5625,-119.525,0.17307682,1811.64
2364,43.1411,-71.4692,0.214736,1423.744
2379,39.4547,-75.2014,0.32008773,1478.167
2390,40.476525,-74.352336,0.2869975,1443.468
2393,40.565833,-75.163889,0.18334194,1374.801
2398,40.8375,-74.0244,0.25165424,1441.276
2399,40.076611,-74.879172,0.2931627,1438.354
2404,40.737283,-74.096464,0.2825616,1441.276
2406,40.6217,-74.2072,0.259002,1449.312
2411,40.5558,-74.2469,0.277651,1445.659
2434,39.4889,-75.0347,0.29660517,1470.496
2442,36.69,-108.4814,0.21403123,1879.942
2444,31.8047,-106.5472,0.17093018,1973.08
2446,32.714224,-103.301469,0.3969085,1856.931
2450,35.171,-106.6019,0.09376498,1906.24
2454,32.7131,-103.3533,0.39938232,1857.296
2480,41.573361,-73.96457,0.2658995,1407.674
2490,40.591564,-74.200035,0.3041999,1454.06
2493,40.7281,-73.9742,0.27984154,1450.042
2500,40.759167,-73.946111,0.29207936,1452.964
2504,40.768,-73.9515,0.3057217,1446.755
2511,40.616689,-73.647881,0.3757925,1478.167
2514,40.827149,-73.647473,0.31519032,1451.869
2516,40.923565,-73.342323,0.39141777,1458.443
2517,40.949696,-73.078507,0.38227904,1474.514
2521,40.695485,-73.348573,0.3020655,1492.046
2527,42.6789,-76.9483,0.35987714,1259.017
2539,42.594196,-73.763752,0.2866544,1370.053
2594,43.4586,-76.5319,0.4227106,1285.68
2625,41.2044,-73.9689,0.20026623,1406.578
2628,41.1269,-74.1653,0.19025911,1405.117
2632,41.4278,-74.4186,0.22002071,1419.362
2679,40.6447,-73.5683,0.34037036,1485.837
2682,42.0933,-79.2478,0.28196284,1269.609
2706,35.4731,-82.5417,0.28669307,1575.323
2707,34.9833,-79.8775,0.16170716,1541.355
2709,35.379866,-78.087795,0.3064922,1540.259
2712,36.4833,-79.0731,0.32661352,1520.901
2713,34.283056,-77.985278,0.2934479,1547.93
2716,34.587538,-78.97552,0.2565113,1558.522
2718,35.1897,-81.0122,0.2480396,1555.234
2720,35.7133,-80.3767,0.24910422,1545.373
2721,35.22,-81.7594,0.23264372,1559.983
2723,36.4862,-79.7208,0.21662521,1529.667
2727,35.5975,-80.9658,0.25846764,1554.504
2790,46.8669,-100.8836,0.3688067,1484.741
2817,47.280769,-101.321213,0.395781,1474.514
2823,47.065854,-101.213093,0.46910685,1493.507
2828,40.2522,-80.6486,0.206489,1298.098
2832,39.1128,-84.8036,0.23783985,1396.351
2847,39.727249,-84.211084,0.25745803,1385.393
2866,40.5317,-80.6319,0.18435952,1292.62
2869,41.429444,-82.264444,0.39546427,1335.719
2876,38.9144,-82.1289,0.2576442,1370.783
2880,41.305203,-84.334622,0.39574316,1374.436
2951,35.50866,-97.17969,0.5192289,1607.1
2952,35.76135,-95.28732,0.42945835,1542.451
2953,35.46988,-97.67498,0.4669275,1637.781
2956,34.96645,-96.7258,0.4903124,1581.532
2963,36.4317,-95.7008,0.4812395,1567.653
2964,35.1009,-98.3524,0.42619985,1652.026
2965,36.116492,-95.990974,0.34363106,1570.21
3006,35.0847,-98.23,0.4152862,1647.643
3008,36.43725,-99.22543,0.45322835,1691.473
3096,40.464851,-80.043761,0.22116181,1297.003
3111,40.12282,-77.1716,0.2820056,1393.429
3113,40.910205,-75.079398,0.15941955,1386.124
3116,39.760634,-76.635341,0.40050083,1450.042
3118,40.3842,-79.0611,0.22908214,1272.166
3122,40.512825,-79.196107,0.28851947,1289.698
3131,41.06755,-78.366228,0.13449569,1293.716
3132,41.835947,-79.188668,0.1986454,1264.861
3136,40.6604,-79.3411,0.22981134,1294.811
3138,40.937939,-80.369007,0.27556437,1295.176
3140,40.096111,-76.6962,0.2847914,1392.698
3148,40.797762,-75.105416,0.23475224,1391.968
3149,41.0714,-76.6672,0.23023437,1343.755
3161,39.858,-75.323,0.28105327,1432.145
3168,39.984469,-75.075247,0.26570004,1434.337
3176,41.200556,-76.07,0.11063762,1312.343
3236,41.8167,-71.4042,0.23564172,1453.695
3250,34.4185,-80.1657,0.2675194,1554.869
3264,34.6022,-82.435,0.24054715,1577.88
3285,32.8265,-79.9634,0.27102154,1594.316
3287,34.0556,-81.2172,0.23114924,1569.479
3295,33.435,-81.9111,0.18906964,1566.922
3297,33.8264,-80.6228,0.15831363,1562.905
3298,33.0158,-79.9297,0.21806313,1562.174
3338,45.429884,-98.49396,0.4136761,1515.788
3393,35.074087,-90.14868,0.36355898,1516.883
3396,36.0211,-84.1567,0.20514262,1482.915
3399,36.3903,-87.6539,0.2389655,1470.131
3403,36.3156,-86.4006,0.26959977,1450.408
3405,36.3767,-82.9639,0.17343388,1485.837
3406,36.0278,-87.9861,0.25498182,1481.089
3407,35.8992,-84.5194,0.18097007,1483.28
3439,27.5667,-99.5089,0.23557094,1591.029
3441,27.819412,-97.419203,0.31194273,1558.887
3443,28.7883,-97.01,0.2789721,1496.794
3452,32.8358,-96.5458,0.38635135,1557.791
3453,32.7231,-96.9358,0.34067258,1574.958
3456,31.983587,-106.431777,0.19167212,1968.332
3457,30.4356,-95.5214,0.3059435,1498.621
3459,30.0242,-93.878,0.3028637,1521.632
3460,29.75,-94.9256,0.28850308,1547.199
3470,29.4828,-95.6311,0.30861983,1494.968
3476,32.3766,-94.6415,0.33620295,1526.38
3478,32.848163,-94.547986,0.24332327,1527.841
3482,33.5239,-101.7392,0.3881231,1801.413
3484,35.283357,-101.746423,0.5128618,1811.64
3485,34.1661,-102.4114,0.41130918,1825.154
3490,33.1344,-98.6117,0.41917676,1642.894
3491,32.7283,-97.2192,0.30887446,1594.682
3504,31.93985,-94.989834,0.30495623,1518.344
3507,32.124519,-96.101277,0.37012005,1546.469
3559,25.9131,-97.5214,0.2953179,1528.936
3576,33.068055,-96.452481,0.4445214,1558.156
3601,30.1456,-97.2708,0.19393635,1505.926
3604,33.6039,-101.8408,0.25824422,1816.754
3609,29.3525,-98.5761,0.18464975,1538.798
3611,29.308056,-98.3242,0.2681138,1519.44
3612,29.2567,-98.3825,0.27056473,1523.823
3628,32.6581,-98.3103,0.33232585,1616.596
3631,28.8947,-97.135,0.30716562,1498.986
3648,40.7686,-111.9289,0.097429894,1610.752
3775,36.9333,-82.1997,0.12257233,1421.188
3785,37.7061,-75.7031,0.35598603,1549.025
3797,37.3822,-77.3833,0.26671892,1506.291
3804,38.5367,-77.2806,0.2947259,1474.88
3809,37.2144,-76.4611,0.35396406,1533.32
3845,46.755938,-122.859764,0.18749641,1179.027
3935,38.4731,-81.8233,0.19205905,1355.078
3943,39.710833,-79.9275,0.20804717,1311.978
3944,39.384167,-80.3325,0.20079523,1330.606
3948,39.8297,-80.8153,0.19261116,1306.864
3954,39.2008,-79.2636,0.5452061,1408.404
3982,46.587222,-90.9017,0.3331813,1345.216
3992,43.0789,-89.3744,0.40604052,1407.674
4040,43.3842,-87.8689,0.40573004,1391.602
4041,42.8457,-87.8294,0.43070337,1385.028
4050,43.715142,-87.705863,0.41724348,1385.393
4072,44.54,-88.0086,0.33098322,1402.56
4076,45.0869,-87.6881,0.30091193,1416.805
4078,44.8606,-89.6553,0.29017416,1408.404
4158,42.8378,-105.7769,0.38935405,1647.278
4162,41.7581,-110.5983,0.32691345,1728.728
4195,33.1707,-96.1264,0.4001011,1555.965
4266,33.1975,-97.1061,0.2967791,1611.848
4271,44.303583,-91.912647,0.31572762,1381.741
4937,30.558,-98.3721,0.20928559,1572.036
4939,27.6064,-97.3117,0.42972973,1592.125
4940,35.9978,-95.9567,0.40473846,1564.0
5083,39.3757,-74.9654,0.2672426,1471.958
6002,33.6319,-87.0597,0.17591275,1507.752
6004,39.366667,-81.294444,0.25088465,1336.45
6009,34.4228,-92.1406,0.25288048,1518.344
6017,38.9361,-88.2781,0.4136327,1442.738
6018,38.9036,-84.8514,0.24076839,1405.847
6021,40.4627,-107.5912,0.1445371,1645.816
6030,47.377743,-101.157058,0.44332907,1489.49
6034,42.7756,-82.495,0.38702556,1342.294
6035,43.1056,-82.6964,0.42229772,1359.826
6041,38.7,-83.8181,0.23523347,1379.914
6042,27.6058,-82.3456,0.2678351,1638.146
6043,27.0536,-80.5628,0.21766438,1611.848
6046,28.903863,-81.332329,0.14912735,1593.951
6055,30.7261,-91.3692,0.2941436,1546.834
6058,44.0322,-92.4908,0.35496593,1433.241
6061,31.2186,-89.394,0.17765449,1547.199
6064,39.1681,-94.6975,0.2954559,1513.231
6065,39.4472,-94.98,0.35178614,1505.926
6068,39.286453,-96.117231,0.5123059,1559.618
6071,38.5847,-85.4117,0.24006368,1408.769
6073,30.5322,-88.5553,0.17899129,1558.887
6076,45.8831,-106.614,0.35056388,1521.266
6077,41.0808,-101.1408,0.4654509,1633.398
6085,41.2164,-87.0261,0.3896832,1387.585
6090,45.3808,-93.8931,0.42249885,1425.571
6095,36.45307,-97.05279,0.4970374,1590.299
6096,40.6214,-95.7764,0.3974436,1499.351
6098,45.303652,-96.510067,0.44232392,1473.784
6101,44.290128,-105.381482,0.408627,1601.987
6112,40.2461,-104.8742,0.11913297,1692.934
6113,38.372222,-87.765833,0.39222184,1435.432
6124,32.356287,-81.168347,0.15685666,1569.479
6137,37.9053,-87.715,0.3695753,1461.365
6138,36.2561,-94.5241,0.48891553,1542.816
6139,33.05522,-94.839993,0.32819584,1529.302
6146,32.2606,-94.5706,0.3719185,1518.344
6155,38.131248,-90.263157,0.28577882,1467.94
6156,41.283997,-72.904323,0.29793832,1470.496
6165,39.1747,-111.0289,0.10475463,1810.91
6166,37.9256,-87.0372,0.3549815,1448.947
6177,34.5789,-109.2708,0.16300894,1908.066
6178,28.7128,-97.214167,0.27292702,1493.142
6179,29.9172,-96.7506,0.35602137,1508.848
6180,31.1803,-96.4866,0.39580983,1537.702
6183,28.7044,-98.4775,0.28480628,1542.451
6190,31.395,-92.716667,0.25825927,1531.128
6193,35.29816,-101.747187,0.5222694,1809.448
6194,34.186494,-102.56999,0.40693906,1817.484
6195,37.151706,-93.38804,0.4516711,1530.763
6204,42.108889,-104.8825,0.31862503,1631.937
6213,39.0694,-87.5108,0.37953,1432.876
6223,37.1385,-94.1041,0.46156085,1535.511
6243,30.7217,-96.4608,0.37474838,1526.38
6248,40.2217,-103.6803,0.27524704,1696.951
6249,33.33184,-79.357236,0.1982311,1556.696
6253,43.1952,-88.1496,0.3908118,1439.815
6254,41.0961,-92.555833,0.40090224,1466.479
6257,33.0606,-83.8075,0.17317596,1556.33
6264,38.9794,-81.9344,0.25650904,1368.226
6358,44.888881,-94.349348,0.43400285,1459.904
6373,40.7316,-96.7364,0.42418897,1533.32
6463,42.0272,-93.5828,0.37659812,1470.131
6469,47.370542,-101.83566,0.44008875,1478.532
6481,39.509731,-112.58018,0.2059002,1753.93
6584,24.563333,-81.7342,0.27628195,1740.051
6635,41.44823,-72.834884,0.22466359,1449.312
6639,37.6461,-87.5,0.33670175,1452.964
6641,35.678442,-91.408761,0.31917146,1518.71
6664,41.3181,-91.0931,0.40712607,1431.05
6705,37.915,-87.3328,0.3690621,1450.042
6761,40.860905,-105.021207,0.24412255,1682.707
6768,36.8791,-89.6209,0.34742644,1497.16
6772,34.0158,-95.3206,0.36013186,1529.667
6823,37.4497,-87.0806,0.30940259,1448.582
7013,37.2367,-96.9625,0.4901341,1608.926
7030,31.091925,-96.69503,0.3596198,1541.72
7032,37.1575,-76.6911,0.35543478,1529.667
7063,31.2546,-88.0299,0.13820916,1554.869
7082,36.430554,-114.902405,0.22063532,1907.336
7097,29.309722,-98.3203,0.2664347,1518.71
7138,39.8154,-74.2098,0.26946184,1465.383
7145,41.5572,-93.5242,0.34751636,1463.557
7146,40.956932,-72.877411,0.3765818,1475.245
7153,39.7436,-75.5072,0.28562757,1447.486
7155,43.2481,-93.205,0.43165174,1458.443
7158,39.4492,-84.4611,0.29437992,1405.117
7159,43.1669,-88.69,0.40729225,1433.972
7203,43.7353,-88.496667,0.41849676,1431.78
7210,33.3644,-81.03,0.18756837,1566.922
7212,37.498223,-77.368544,0.25708425,1507.752
7213,36.869,-78.704,0.23847044,1521.266
7237,43.60347,-96.6356,0.3886967,1507.752
7238,28.2764,-81.533,0.14984635,1606.735
7242,27.7286,-81.9897,0.2957983,1634.859
7266,37.652602,-121.020397,0.14870423,1775.846
7270,42.6658,-88.0131,0.42555696,1430.684
7277,35.4317,-81.0347,0.22519615,1559.983
7288,39.451,-75.0578,0.3086212,1470.862
7296,37.0659,-94.614,0.45910862,1549.39
7302,27.788215,-81.869983,0.29156876,1639.242
7307,40.507292,-122.423281,0.23290807,1688.186
7314,40.8158,-73.064,0.23312974,1488.028
7315,37.5744,-120.985,0.18099211,1778.402
7318,39.145036,-75.548172,0.34366873,1486.933
7325,29.694838,-95.040622,0.27571094,1527.476
7335,39.839572,-84.965682,0.36133572,1402.925
7336,40.0529,-85.7389,0.38915706,1414.978
7343,42.3006,-96.3617,0.3998512,1475.975
7348,32.5792,-83.5822,0.17418207,1581.167
7350,45.847998,-119.67392,0.30142686,1442.738
7380,27.641667,-81.9625,0.2738103,1634.859
7425,39.8233,-89.5891,0.35554144,1454.791
7449,38.088138,-121.386944,0.21093976,1761.966
7456,47.80427,-116.867312,0.21097018,1344.485
7504,44.2856,-105.3833,0.4028432,1601.987
7515,38.38932,-97.61108,0.48098764,1609.657
7527,38.445681,-121.462387,0.18053825,1759.044
7551,38.530943,-121.400128,0.10559265,1757.583
7552,38.511,-121.4735,0.12757896,1752.835
7604,36.5852,-90.1779,0.3589389,1516.153
7605,45.6497,-122.7256,0.22567695,1246.964
7697,31.26423,-88.00267,0.14910547,1559.252
7698,32.310226,-86.52542,0.19679691,1564.0
7699,27.746369,-81.849446,0.27227473,1635.224
7710,32.6078,-85.0975,0.15931046,1561.809
7721,30.525445,-88.128477,0.22749224,1594.682
7749,36.868206,-89.840173,0.3287183,1505.56
7754,40.2877,-94.7913,0.45555037,1513.961
7757,36.222058,-95.277064,0.38244247,1545.738
7759,39.902556,-86.24405,0.2856904,1427.762
7760,40.106125,-87.653818,0.34912446,1422.284
7763,39.9528,-85.5039,0.4198486,1420.822
7764,33.8119,-83.6953,0.3152707,1564.731
7768,31.3869,-84.08,0.19672437,1592.49
7782,39.3528,-84.5183,0.23810266,1412.422
7783,41.3884,-83.6402,0.37913963,1374.07
7790,40.0864,-109.2844,0.102042854,1713.022
7805,34.8392,-79.7406,0.19704288,1539.164
7813,33.9486,-85.2769,0.22375236,1518.71
7818,39.569771,-90.43602,0.4105176,1473.418
7825,33.6094,-93.7924,0.25084406,1516.153
7826,35.7314,-80.6019,0.28769016,1553.774
7829,32.9842,-83.8464,0.1738682,1566.922
7834,34.347734,-82.774478,0.2453505,1570.21
7835,39.71901,-76.15976,0.31779477,1442.007
7836,38.5283,-77.7681,0.2889378,1478.167
7837,38.1181,-78.2139,0.26403502,1496.429
7838,38.5442,-77.7714,0.28325534,1475.61
7839,38.0722,-77.5133,0.22586735,1494.603
7842,39.103333,-88.85898,0.35460854,1448.947
7843,43.799446,-92.682874,0.4833178,1461.73
7844,44.795231,-93.581013,0.37574518,1443.103
7845,35.6578,-89.3964,0.34876895,1516.153
7846,30.320556,-81.947222,0.14230454,1568.749
7848,38.7538,-93.9983,0.46100965,1520.17
7863,44.902814,-91.568096,0.4081258,1443.103
7869,40.8275,-73.6478,0.31519032,1451.869
7870,48.746,-122.486,0.21536204,1263.4
7872,40.9297,-84.7392,0.4035888,1400.003
7873,27.9072,-82.4231,0.2155623,1664.444
7887,40.909653,-96.613086,0.38168338,1536.972
7897,32.381352,-86.574366,0.2149732,1565.461
7900,30.2098,-97.6129,0.27155152,1531.858
7902,32.4607,-94.4852,0.33246383,1520.901
7903,37.248431,-93.170839,0.48339877,1536.607
7909,40.7537,-73.9508,0.2812699,1452.234
7910,40.6631,-74,0.30916846,1466.114
7912,40.787062,-73.293412,0.23692581,1486.933
7913,40.799,-73.9094,0.2654302,1451.504
7914,40.7991,-73.9156,0.27096778,1451.504
7915,40.7171,-73.9664,0.29010502,1458.808
7916,32.5892,-84.6917,0.13872747,1561.444
7917,33.4072,-85.0386,0.16139932,1540.99
7925,43.798439,-94.841451,0.4685178,1478.532
7928,38.532161,-94.902633,0.44283327,1542.086
7929,38.7875,-94.9861,0.46462888,1536.242
7946,33.4083,-85.0403,0.17554502,1540.99
7947,47.544582,-95.129652,0.43797997,1437.624
7948,38.8003,-86.4511,0.3067169,1426.301
7953,43.179176,-115.734315,0.3154081,1642.529
7960,32.7976,-88.606,0.19592364,1534.78
7962,39.279179,-75.623928,0.35137123,1483.28
7964,39.3531,-91.2295,0.44343176,1486.568
7967,32.35051,-108.69799,0.215823,1958.836
7972,42.167,-83.5318,0.35207745,1355.808
7975,32.2363,-108.5494,0.2234904,1972.35
7981,35.1597,-81.4306,0.28182393,1562.174
7984,44.6889,-85.2019,0.3847798,1285.315
7985,41.5563,-93.5283,0.3428795,1463.557
7987,34.1772,-118.3147,0.03857429,1824.789
7988,31.6004,-89.9468,0.2072268,1546.834
7989,31.982076,-89.412714,0.19332437,1543.912
7991,43.075071,-89.4251,0.3580007,1391.602
7999,46.9692,-123.48,0.18203118,1164.782
8000,40.330184,-96.808153,0.41496655,1552.312
8002,43.1,-70.790833,0.29210338,1460.269
8006,41.573783,-73.966269,0.2658995,1407.674
8007,40.817037,-73.066265,0.23767865,1487.298
8008,39.8119,-75.249031,0.3221092,1450.408
8012,40.08,-74.8917,0.28651863,1438.354
8023,43.4864,-89.4203,0.34663996,1410.23
8027,44.7855,-93.4315,0.38063005,1437.259
8031,43.094,-93.292222,0.45414817,1467.94
8042,36.2811,-80.0603,0.26607582,1528.936
8048,28.184444,-82.788611,0.23087184,1684.898
8049,28.262778,-81.548611,0.1475604,1613.309
8053,40.6182,-74.06849,0.3249971,1444.929
8054,33.35,-91.1167,0.3367746,1557.426
8056,29.998884,-90.47684,0.22449134,1547.564
8059,34.5431,-98.3244,0.4650886,1656.044
8066,41.7378,-108.7875,0.32209408,1728.363
8068,33.3325,-111.7503,0.056411237,1894.917
8069,39.3792,-111.0781,0.14049932,1736.033
8102,38.9347,-82.1158,0.2683762,1364.209
8219,38.633451,-104.70577,0.16312157,1798.491
8222,47.221447,-101.815722,0.43087295,1492.412
8223,34.3186,-109.1639,0.18702632,1905.509
8224,40.881317,-117.151605,0.12047419,1749.548
8906,40.787674,-73.912561,0.28810662,1455.156
10030,39.149549,-75.547335,0.33350998,1486.933
10034,37.0001,-121.5367,0.07864352,1786.803
10143,40.55108,-78.79794,0.42784825,1303.212
10156,36.617022,-120.099846,0.22893383,1809.814
10169,33.8759,-118.2491,0.034829363,1812.005
10190,42.5375,-73.7433,0.27723646,1361.287
10294,36.225,-121.1278,0.2703136,1837.208
10307,42.0925,-71.4833,0.25638506,1440.546
10308,40.439,-74.3444,0.2790055,1436.528
10349,39.1365,-121.6397,0.18643865,1732.381
10350,39.052922,-121.696072,0.19900465,1729.824
10405,36.5397,-119.5794,0.12531175,1777.306
10525,35.130193,-77.167883,0.22180247,1525.649
10603,40.455,-78.7472,0.34958568,1327.318
10617,43.8861,-75.4342,0.28951612,1295.176
10620,43.9842,-75.6225,0.31990984,1306.864
10621,43.0667,-76.2246,0.32031962,1280.201
10633,37.291667,-77.281111,0.26315567,1514.326
10649,35.419181,-118.926643,0.06420776,1824.424
10650,35.483736,-119.029856,0.084173635,1844.513
10678,39.595171,-78.745333,0.13250794,1377.723
10682,40.2415,-103.631,0.25285995,1698.778
10725,42.5744,-73.8592,0.29934928,1372.244
10726,42.1575,-72.5225,0.19018489,1428.493
10751,39.9175,-75.1192,0.26783976,1441.276
10761,36.2319,-115.1222,0.12187884,1924.137
10776,34.1958,-119.1664,0.102512814,1820.771
10870,40.928161,-76.040929,0.44936407,1378.088
50006,40.6322,-74.2156,0.2384334,1447.12
50109,33.6968,-95.5577,0.39532086,1549.756
50137,29.2639,-95.8997,0.3197791,1499.716
50243,44.5738,-68.8046,0.32364583,1375.532
50279,41.485,-75.5406,0.1951035,1307.595
50292,40.7469,-73.4994,0.2363805,1489.855
50449,42.6544,-78.0772,0.40765613,1308.326
50450,43.471745,-76.493474,0.42240626,1295.542
50451,42.9671,-78.9182,0.34841073,1318.552
50458,43.25,-73.8125,0.12002051,1358.365
50555,36.4517,-77.6594,0.29034093,1536.242
50558,35.44221,-97.647694,0.44738823,1643.26
50561,39.8746,-75.1592,0.29062477,1445.659
50611,40.6191,-76.45,0.36775663,1380.28
50612,35.319503,-119.661992,0.06574479,1886.882
50625,30.0636,-94.0753,0.23211913,1507.752
50707,40.0986,-104.7736,0.15998204,1726.902
50744,43.080338,-75.600963,0.3200177,1300.29
50799,40.460717,-74.327161,0.29886645,1442.007
50815,29.8161,-95.10773,0.24907565,1495.699
50865,35.9515,-120.8679,0.23566188,1855.105
50888,40.6917,-75.4792,0.21129665,1401.464
50949,27.6364,-81.9636,0.26722988,1636.32
50978,43.06132,-76.08239,0.23443924,1283.488
51030,42.009722,-71.668909,0.3002122,1446.755
52019,37.820805,-77.446246,0.21360058,1492.412
52026,41.6731,-70.9994,0.28171006,1458.443
52087,36.775,-76.3083,0.2771982,1516.883
52088,29.378697,-94.943829,0.27920133,1553.408
52176,32.273178,-101.422386,0.31657326,1763.427
54034,42.625325,-73.749955,0.27181134,1367.861
54041,43.161947,-78.744971,0.41839275,1307.595
54076,42.085944,-78.45425,0.22771063,1286.776
54114,40.6417,-73.7778,0.31437284,1479.628
54131,43.0483,-78.8539,0.29902452,1312.343
54149,40.916833,-73.129056,0.33713803,1475.61
54238,37.943633,-121.330433,0.16357088,1772.193
54271,36.0417,-115.0117,0.15483901,1897.108
54324,42.0099,-71.6701,0.3002122,1446.755
54365,27.87082,-81.825061,0.24187551,1630.476
54426,27.8489,-81.8775,0.27702904,1638.877
54466,28.442623,-81.412343,0.16397458,1622.075
54476,48.9905,-122.2733,0.24168478,1229.066
54537,48.828996,-122.685114,0.30275527,1289.698
54547,43.495,-76.4511,0.43644422,1294.081
54574,44.7132,-73.4557,0.26374277,1303.212
54592,44.9503,-74.8928,0.33791685,1340.833
54593,42.9828,-78.1592,0.39804736,1305.769
54640,40.0613,-74.1686,0.2720159,1458.078
54694,32.728822,-114.654053,0.17427936,1923.406
54749,33.1185,-117.0995,0.027113993,1822.963
54761,45.8042,-119.37,0.2617753,1516.883
54768,35.4837,-119.0298,0.084173635,1844.513
54785,39.942219,-75.188069,0.2272917,1447.12
54805,42.129361,-71.511496,0.25272852,1444.564
54817,32.3994,-97.4078,0.41268757,1608.561
54832,38.6681,-76.8678,0.27721956,1482.55
54844,38.124688,-78.203543,0.2525324,1494.238
54854,36.1375,-115.0339,0.116778165,1914.64
54914,40.699357,-73.976392,0.28704613,1452.964
54915,43.9375,-86.425,0.42412436,1317.091
55010,44.7956,-92.9119,0.4006727,1426.301
55011,42.855463,-88.72992,0.3999179,1421.918
55015,29.0728,-95.745,0.24654311,1484.011
55026,41.8312,-71.1239,0.28878582,1445.659
55029,44.44861,-88.07204,0.312695,1426.666
55031,44.506315,-70.242312,0.20831537,1409.5
55039,35.026,-106.644,0.13123298,1923.041
55040,32.4856,-83.6039,0.19965386,1580.437
55041,42.0476,-72.6478,0.2670324,1432.51
55042,41.1692,-73.1844,0.27009085,1470.131
55043,35.0727,-81.613,0.26024258,1563.27
55047,29.72475,-95.176479,0.188618,1511.404
55048,41.6422,-71.1706,0.3695877,1465.748
55061,33.3516,-84.9996,0.16170196,1547.564
55062,30.5924,-95.9178,0.37037098,1519.805
55063,34.3356,-89.9275,0.28960377,1527.476
55064,35.6957,-101.36,0.38535932,1774.384
55065,32.9728,-102.7417,0.3371814,1837.208
55068,44.8242,-68.7094,0.29568124,1383.202
55075,34.2181,-91.9025,0.3339943,1535.876
55077,35.788889,-114.994167,0.14770441,1879.576
55079,42.112291,-72.015113,0.22937043,1432.145
55081,35.5438,-89.198,0.31386688,1505.926
55086,27.88929,-97.258417,0.37272117,1582.994
55087,42.8206,-85.9975,0.36027315,1326.588
55088,42.3026,-83.154,0.23584636,1355.078
55089,29.9888,-90.4599,0.20235272,1548.66
55091,32.4302,-97.0537,0.43217978,1583.359
55097,33.6308,-95.59,0.43086788,1550.852
55098,26.208,-98.3992,0.31250048,1570.575
55100,44.5303,-70.5219,0.19833434,1382.836
55101,42.281345,-85.494956,0.31710693,1321.84
55102,45.030397,-84.730795,0.39944682,1299.56
55103,42.173889,-121.810556,0.15835859,1675.767
55107,41.8017,-71.5186,0.33041957,1459.174
55109,42.0931,-88.2397,0.35160425,1418.631
55110,39.4522,-84.4647,0.29208997,1405.117
55111,39.922328,-87.446358,0.33265045,1422.284
55112,39.053139,-121.695873,0.19900465,1729.824
55116,36.3297,-79.8297,0.28915063,1537.337
55117,30.221,-93.2826,0.29230842,1514.692
55123,26.3403,-98.19,0.3046059,1553.408
55124,35.054029,-114.133272,0.23961283,1909.527
55126,41.224355,-73.099728,0.273289,1472.323
55127,40.217143,-103.68504,0.28122807,1695.856
55128,33.8148,-83.6954,0.3096556,1564.731
55129,32.9042,-111.7889,0.10364828,1915.736
55131,41.4797,-88.2581,0.36972624,1414.978
55132,32.017826,-94.619743,0.2683115,1524.919
55135,44.1936,-88.5064,0.37929225,1439.815
55137,29.593056,-97.973215,0.22755174,1539.529
55139,32.33422,-97.731686,0.34399334,1604.543
55141,33.358472,-84.991391,0.16158898,1547.199
55144,29.7806,-97.9894,0.24985749,1536.607
55146,35.9833,-95.9346,0.3925246,1565.096
55148,39.0708,-87.0128,0.34914306,1436.528
55149,41.872043,-71.895799,0.23649904,1435.432
55151,35.2956,-119.5919,0.06440448,1882.498
55153,29.6244,-98.1419,0.24571101,1535.511
55154,30.1478,-97.2714,0.18851951,1505.926
55164,38.3902,-85.4133,0.34644762,1426.666
55165,30.1608,-93.345,0.30958128,1535.876
55166,35.0786,-81.575,0.2157718,1555.965
55168,30.1458,-97.55,0.28602868,1524.188
55170,42.9042,-71.4261,0.25790653,1433.606
55172,31.8594,-97.3586,0.3457405,1570.94
55173,30.428611,-92.413056,0.27891815,1549.756
55176,32.4481,-94.6903,0.2660802,1529.302
55177,34.8678,-114.5317,0.20966479,1884.325
55178,38.7931,-94.3006,0.47642896,1524.188
55179,47.7858,-116.9203,0.19290398,1349.964
55182,35.2097,-119.585,0.09575501,1900.396
55183,41.774444,-89.607222,0.40752837,1430.684
55187,29.836952,-95.121744,0.22425492,1503.369
55188,41.712216,-90.279679,0.3963616,1439.45
55192,28.1289,-81.0978,0.20251298,1603.448
55193,40.4219,-75.9356,0.21296248,1402.56
55196,40.546667,-79.768333,0.20793618,1294.446
55197,33.6464,-88.2717,0.22149388,1529.667
55198,38.191661,-82.604586,0.17572469,1368.226
55199,41.4388,-88.1236,0.36373118,1416.074
55200,39.6692,-105.0018,0.08252086,1730.92
55201,40.4705,-88.3987,0.39302787,1439.815
55202,38.1114,-89.3467,0.36578923,1473.053
55204,38.7619,-89.0128,0.3636096,1462.461
55206,27.8139,-97.4283,0.26586223,1560.713
55207,40.0205,-105.2009,0.09337703,1673.576
55210,32.114185,-106.846483,0.22718185,1999.744
55211,42.110577,-71.453468,0.26447716,1439.815
55212,42.059876,-71.515811,0.25644842,1442.007
55215,31.8403,-102.3264,0.31971526,1822.597
55217,38.030071,-121.873004,0.28470787,1791.186
55218,32.378969,-90.219906,0.32013157,1546.834
55220,33.0147,-89.6753,0.23194465,1535.511
55221,34.5923,-92.2166,0.23367304,1527.11
55222,41.393315,-87.943612,0.41646466,1426.301
55223,32.32,-96.675,0.41406843,1560.348
55224,38.6716,-87.2931,0.37556425,1451.138
55225,36.0119,-95.6967,0.4839429,1569.844
55226,31.8907,-96.1131,0.35326654,1547.199
55228,40.075783,-84.615136,0.3931562,1409.5
55229,40.6206,-85.3057,0.40378413,1398.177
55230,33.101,-97.9574,0.48710218,1640.703
55231,39.8614,-75.3358,0.25915486,1442.372
55232,37.0286,-88.3958,0.32955,1471.592
55233,41.2908,-79.8061,0.30252203,1286.045
55234,39.3092,-91.5369,0.44348282,1490.585
55236,41.8287,-89.4054,0.41343403,1433.606
55237,39.2794,-88.4772,0.39492354,1458.808
55238,42.238558,-89.101202,0.32752505,1419.727
55239,40.448674,-74.348879,0.2724392,1440.181
55241,30.7478,-88.0575,0.20468463,1594.682
55242,30.5664,-87.115,0.25516734,1595.777
55243,40.787,-73.9048,0.28725028,1453.33
55244,33.837699,-83.699577,0.3026305,1564.366
55247,39.7139,-83.1778,0.35148355,1399.638
55250,41.440893,-87.753189,0.4007115,1423.744
55251,36.2454,-88.612,0.29884353,1485.837
55253,41.429444,-87.6187,0.38253108,1416.074
55259,41.6739,-87.4775,0.3595116,1401.099
55262,41.397369,-83.641236,0.38103712,1375.897
55263,40.7167,-82.789,0.41735977,1344.12
55264,41.4079,-84.1095,0.39512628,1386.854
55267,32.9111,-84.3064,0.23641305,1566.557
55269,34.9939,-90.0378,0.34300247,1520.536
55270,42.2488,-84.3767,0.3225055,1351.79
55271,32.6514,-86.7386,0.1847866,1540.624
55276,38.3681,-82.5339,0.22904219,1374.436
55279,41.8151,-88.2265,0.32342672,1429.588
55282,33.3417,-112.8897,0.090066284,1915.006
55283,38.6281,-104.7069,0.16176733,1797.03
55284,38.3441,-82.5938,0.18090564,1372.244
55285,36.6644,-82.1044,0.19721808,1472.323
55286,28.3661,-80.7947,0.17744277,1618.423
55292,34.6292,-87.0214,0.29670453,1513.596
55293,34.6397,-87.0639,0.31599525,1518.71
55294,43.6575,-70.375,0.2576492,1462.461
55295,33.6157,-114.6865,0.1207902,1929.25
55296,41.6835,-87.5563,0.3436718,1413.152
55297,42.32238,-86.29368,0.39731,1328.414
55298,40.1475,-74.7411,0.30612302,1428.858
55299,29.7189,-95.2319,0.17117058,1504.1
55304,31.3869,-84.08,0.19672437,1592.49
55306,32.975,-112.6944,0.08981059,1912.814
55317,42.2422,-70.9661,0.37046453,1434.702
55320,33.0583,-97.9103,0.49561277,1640.703
55322,36.383719,-114.921779,0.23692258,1923.041
55327,29.7731,-94.9019,0.2749398,1541.72
55328,45.794046,-119.313323,0.25125524,1514.326
55332,33.092239,-82.979992,0.1331706,1570.575
55333,38.0169,-121.8439,0.25581107,1792.647
55334,39.223144,-88.758406,0.3601461,1452.234
55337,40.3509,-76.3658,0.28804362,1409.865
55340,35.8619,-90.0253,0.35897037,1516.153
55343,32.299349,-107.7834,0.22372748,1983.308
55345,32.581481,-116.914969,0.045634866,1836.842
55347,40.638021,-79.351725,0.2601708,1299.925
55348,41.47724,-83.45983,0.40385887,1373.705
55349,39.3325,-81.3642,0.22334759,1339.737
55350,40.0928,-82.0276,0.2659216,1347.772
55357,29.4731,-95.6244,0.2851427,1495.699
55358,30.2588,-93.7353,0.17540585,1496.794
55364,39.3931,-87.5108,0.31093454,1428.493
55365,29.7028,-95.0718,0.25521657,1521.632
55372,33.47596,-113.113434,0.08200342,1907.701
55375,40.7825,-73.8964,0.2795651,1451.869
55377,39.7475,-79.838888,0.2856114,1317.457
55380,33.296146,-92.589364,0.16904902,1513.961
55381,37.9892,-75.54,0.31514028,1515.422
55382,34.7094,-84.9175,0.23274548,1511.039
55386,33.8697,-81.0178,0.15981103,1557.426
55391,42.9767,-89.0492,0.4250963,1436.163
55392,42.4776,-87.895,0.3967849,1435.432
55393,37.2207,-121.7457,0.13923027,1794.108
55395,34.183,-90.5621,0.3235909,1540.624
55397,39.58,-81.6564,0.28995052,1359.095
55400,35.280318,-119.470707,0.085282385,1896.378
55401,39.0839,-82.3328,0.24438785,1378.088
55402,43.1864,-84.8429,0.3897177,1343.024
55404,30.2294,-91.065,0.25275317,1552.312
55405,42.2728,-73.8492,0.30775204,1381.376
55406,32.277252,-81.284411,0.16981032,1563.635
55409,33.5883,-85.9731,0.2126972,1535.146
55411,33.000669,-85.903278,0.14420307,1549.39
55412,28.0525,-81.8083,0.19866918,1633.398
55414,28.3665,-82.558611,0.17892386,1637.05
55415,27.523607,-81.923951,0.23416266,1628.284
55417,38.6996,-88.5392,0.38085335,1460.269
55418,34.29759,-92.868344,0.17129962,1502.273
55419,30.3217,-91.2347,0.28462067,1553.774
55433,30.2825,-92.5997,0.26637855,1526.014
55438,42.000061,-88.244572,0.3314813,1422.284
55439,37.8667,-78.3813,0.20746689,1500.447
55440,32.6497,-86.74,0.16310701,1539.529
55447,39.0192,-92.2629,0.40483767,1495.699
55451,34.835,-89.2026,0.2629187,1504.83
55453,38.5569,-104.6875,0.19767128,1816.754
55455,33.334562,-112.840641,0.09145727,1910.258
55457,35.29774,-97.58985,0.4560068,1633.033
55460,41.862114,-86.221394,0.3567857,1332.067
55463,35.6856,-97.2264,0.44836667,1599.064
55464,29.713414,-95.134508,0.20915022,1512.866
55467,32.7061,-92.0683,0.2516347,1538.433
55470,29.378097,-94.932773,0.28986076,1563.27
55477,44.285,-105.3786,0.4036172,1601.987
55478,44.1203,-103.26,0.2970596,1595.047
55479,44.2858,-105.3833,0.40289012,1601.987
55480,32.7563,-96.4916,0.37194905,1562.174
55481,33.345047,-112.864227,0.08992615,1910.623
55482,45.8114,-120.833,0.26429424,1545.738
55486,30.791389,-89.909166,0.20522149,1544.642
55496,40.106931,-88.599867,0.39371756,1439.815
55499,38.398867,-121.923973,0.24429207,1786.803
55501,34.6831,-95.9349,0.44882444,1550.121
55502,39.0911,-84.8669,0.22283298,1406.212
55503,39.5333,-81.7178,0.29768902,1353.251
55504,39.2038,-103.7005,0.37024665,1780.959
55505,39.941129,-104.682015,0.20605157,1744.799
55508,36.652905,-120.580609,0.11189445,1816.754
55510,32.562448,-116.943869,0.04557792,1854.74
55512,32.796491,-116.972071,0.013092137,1829.903
55513,33.121943,-117.117441,0.031582233,1822.597
55514,36.415999,-114.960916,0.2529747,1913.18
55516,39.8592,-79.9182,0.2711315,1315.63
55517,41.448694,-72.835364,0.22385089,1449.312
55518,34.5953,-117.3647,0.20399964,2026.772
55522,32.9285,-111.5899,0.09432385,1910.623
55524,39.7375,-76.306666,0.28773668,1428.858
55538,33.1261,-117.1172,0.027709125,1819.675
55540,32.591667,-117.058611,0.037126716,1811.64
55541,33.910873,-116.552994,0.5533215,1991.708
55542,32.567041,-116.944197,0.04626744,1851.452
55544,42.172718,-121.814393,0.15383883,1675.767
55558,44.2717,-88.3011,0.32836646,1431.05
55620,32.6908,-92.0183,0.23645301,1537.702
55622,40.6667,-112.0317,0.2412327,1630.476
55625,38.242158,-121.854722,0.4233591,1800.682
55626,38.221577,-121.868333,0.42979997,1801.778
55627,38.226752,-121.843271,0.43895268,1802.509
55640,41.4425,-87.7514,0.4007115,1423.014
55641,42.583056,-89.035833,0.38251325,1421.918
55645,39.747875,-104.681404,0.24286708,1753.565
55651,35.7422,-97.655,0.4609062,1635.224
55654,39.866944,-77.685833,0.257674,1419.727
55656,34.9556,-118.844,0.07731134,1814.927
55661,43.1047,-70.8061,0.3132694,1458.808
55662,46.6225,-122.9131,0.21202391,1204.96
55664,32.3958,-94.4367,0.21977462,1520.536
55667,40.801924,-75.107563,0.23347618,1395.62
55672,33.1189,-82.8608,0.16123797,1572.767
55687,35.6139,-115.3561,0.20834078,1934.364
55690,40.6175,-75.3147,0.22586711,1407.674
55694,33.3792,-89.2089,0.24875437,1533.32
55698,36.270072,-119.648055,0.1486778,1783.15
55699,40.610654,-73.762218,0.39697334,1472.323
55700,46.138824,-122.985506,0.21052627,1212.63
55701,41.377116,-83.161388,0.40396655,1368.592
55706,33.2881,-89.4201,0.19643062,1528.206
55708,31.832132,-94.90064,0.22782345,1519.805
55710,40.545278,-79.768611,0.20802945,1294.446
55714,34.4297,-92.8317,0.14225656,1503.734
55718,42.77412,-82.48203,0.37266824,1344.12
55733,43.147153,-115.666637,0.32792726,1641.434
55736,38.5731,-82.7833,0.23125874,1390.507
55738,37.175278,-81.961388,0.29799038,1405.117
55748,37.425,-121.9319,0.12566882,1790.456
55749,45.7578,-107.6,0.202605,1502.638
55786,40.7861,-73.2931,0.23692581,1486.933
55787,40.957053,-72.865877,0.3794687,1473.053
55801,39.807038,-75.421606,0.29174644,1444.564
55802,34.611549,-106.732234,0.13543682,1936.921
55807,36.2397,-119.9044,0.17637728,1804.335
55810,36.999,-121.5363,0.07864352,1788.264
55818,47.086111,-122.365674,0.19742219,1205.325
55821,28.488246,-81.166944,0.13905668,1597.969
55835,40.0908,-104.5953,0.19333689,1721.058
55836,44.2761,-88.2658,0.32687488,1425.571
55841,36.4078,-114.9606,0.2582965,1908.066
55847,39.109344,-121.60931,0.20481156,1733.111
55855,38.228522,-122.07525,0.26938462,1781.324
55856,38.279167,-89.666944,0.38522017,1477.436
55927,32.3594,-81.1242,0.16064769,1569.114
55933,37.7107,-121.4906,0.28459302,1806.526
55936,42.2383,-89.1011,0.32752505,1419.727
55938,40.0633,-74.1672,0.26811922,1458.078
55939,38.971667,-78.177222,0.23275115,1451.504
55951,34.0414,-117.3603,0.08432081,1841.956
55963,38.014423,-121.790679,0.26065138,1793.378
55965,33.406385,-85.036988,0.15832536,1540.99
55969,41.10603,-72.376155,0.47514275,1487.663
55970,38.338475,-121.123978,0.11922442,1763.062
55972,40.947913,-95.964026,0.46324494,1531.858
55976,39.8725,-77.1672,0.28014877,1421.188
55977,36.716628,-108.215282,0.17308882,1868.619
55985,33.1197,-117.117778,0.034317575,1822.597
56013,41.514365,-94.919729,0.4758745,1506.656
56018,33.1661,-86.2825,0.25184664,1550.852
56026,37.3767,-121.9508,0.08040393,1801.413
56031,44.3204,-88.208889,0.38719162,1435.067
56032,40.6439,-73.5683,0.34037036,1485.837
56041,33.9986,-118.2219,0.032077834,1812.37
56046,34.1786,-118.3153,0.038722362,1824.789
56047,41.481243,-73.123108,0.31193075,1452.234
56068,42.8492,-87.8336,0.4517863,1395.62
56078,37.4878,-120.8956,0.18172865,1780.228
56102,39.82144,-111.89345,0.1748724,1639.607
56104,44.1988,-94.003,0.35395503,1436.894
56108,30.2554,-92.0433,0.22467868,1536.242
56135,37.7315,-121.116,0.16212016,1772.924
56143,33.9636,-117.4528,0.12952936,1843.782
56150,32.3478,-81.1817,0.16071606,1570.575
56151,38.6803,-94.4824,0.44739938,1530.763
56164,44.3356,-93.290556,0.42971477,1451.138
56166,43.751826,-87.878056,0.4043276,1439.085
56177,40.0614,-111.7294,0.10383488,1604.909
56188,40.736611,-73.388424,0.2818188,1487.298
56196,40.7889,-73.9069,0.29636303,1453.33
56224,40.7461,-116.5297,0.10474836,1733.842
56227,46.17894,-123.172039,0.1132143,1200.212
56232,32.8769,-117.166389,0.038448773,1799.587
56234,40.8142,-72.9403,0.27921006,1488.394
56237,40.331667,-111.754167,0.08988869,1619.884
56238,45.3735,-98.098689,0.42578378,1521.632
56239,36.68957,-119.73989,0.10035999,1785.707
56241,44.536688,-92.915528,0.3981882,1422.649
56249,34.968651,-79.921738,0.23635478,1548.66
56253,37.112092,-113.516581,0.055959687,1839.764
56259,42.625239,-73.750021,0.27181134,1372.975
56283,30.1694,-91.9923,0.22674471,1540.259
56292,34.842311,-79.736087,0.19377927,1537.702
56298,38.7928,-121.3811,0.19769204,1752.104
56319,44.2919,-105.3811,0.4116514,1602.352
56326,32.974554,-102.743607,0.33243877,1837.208
56328,36.1855,-94.2841,0.46783766,1550.852
56349,31.8414,-102.315,0.33445758,1816.754
56350,29.2878,-96.0683,0.3290127,1498.621
56397,41.2025,-76.068333,0.100159705,1312.343
56400,27.383889,-80.3775,0.18735619,1599.43
56407,26.6986,-80.3747,0.19090351,1600.526
56445,40.092192,-104.887844,0.13130075,1711.927
56456,35.6644,-89.9489,0.36778224,1513.231
56458,32.728333,-103.309444,0.39885908,1857.296
56467,37.63466,-122.13381,0.19020988,1757.948
56471,34.205556,-119.246944,0.16218221,1790.456
56472,34.0903,-117.5343,0.09705236,1842.686
56473,34.0053,-117.5604,0.11489609,1848.53
56474,33.8073,-117.9832,0.0415075,1794.838
56475,33.9296,-118.1046,0.024294594,1789.36
56476,38.0175,-121.7587,0.30261058,1780.594
56480,44.634722,-90.134444,0.41105115,1437.989
56482,35.0361,-114.1594,0.20867144,1906.97
56502,38.445883,-96.065247,0.47487468,1573.132
56505,35.848561,-90.725377,0.3330529,1521.997
56532,39.3661,-122.27,0.22171725,1755.392
56556,37.03385,-88.615862,0.30552775,1475.975
56564,33.649722,-93.811944,0.26433286,1515.788
56569,33.238842,-115.504456,0.13845854,1942.399
56596,44.2919,-105.3806,0.40336114,1602.352
56603,30.4193,-95.0118,0.22529124,1501.178
56604,30.3038,-94.2526,0.22567518,1491.316
56606,48.21,-104.391667,0.42602664,1529.667
56609,44.388889,-105.460833,0.37612447,1587.377
56610,44.39624,-96.53332,0.53241587,1526.38
56611,31.474378,-96.957149,0.3872829,1551.947
56629,41.5444,-73.0417,0.19563565,1439.815
56639,36.654114,-120.579727,0.11057561,1816.754
56671,39.707893,-79.958974,0.23368388,1329.145
56674,30.02547,-96.9945,0.29379654,1515.788
56798,41.553227,-72.596867,0.31141952,1422.284
56799,30.159131,-81.518415,0.1581095,1587.011
56803,36.6514,-120.5833,0.11137561,1816.754
56806,29.751645,-94.92312,0.28204405,1545.008
56807,37.695556,-78.285278,0.20379889,1502.638
56846,38.5686,-76.8919,0.26276726,1490.585
56908,46.104713,-112.876605,0.24744123,1504.465
56914,33.3594,-117.1114,0.03261605,1784.246
56940,41.4122,-74.4378,0.20073663,1415.344
56948,32.917399,-111.503327,0.0934513,1894.917
56963,39.8414,-75.2214,0.31663868,1447.12
56964,40.652834,-74.09155,0.3226858,1445.294
56998,38.320833,-104.52639,0.21026443,1814.562
57001,32.796106,-116.972073,0.013092137,1829.903
57027,33.858056,-117.861667,0.055701472,1790.456
57028,43.904444,-116.819722,0.2770664,1591.759
57029,35.170547,-81.416648,0.2529438,1562.905
57037,32.654722,-88.762222,0.24315831,1547.564
57185,41.676111,-73.581111,0.23794433,1418.631
57241,29.7675,-82.396388,0.17111804,1584.454
57267,38.016944,-121.765,0.30428305,1780.594
57349,39.187195,-75.499396,0.3455714,1485.472
57482,33.934167,-116.571388,0.5579263,1993.9
57483,37.789167,-121.601944,0.40758047,1817.849
57515,34.008709,-117.944864,0.026191486,1788.629
57555,32.573889,-116.917777,0.047606457,1845.243
57564,36.6842,-119.5522,0.10128082,1778.768
57703,41.123611,-104.72,0.37566906,1674.306
57794,41.698992,-86.479699,0.37960076,1347.407
57839,40.515,-74.318889,0.2535437,1444.929
57842,39.53,-87.4247,0.30572382,1423.014
57865,33.865,-101.843333,0.41982314,1813.832
57881,48.2325,-103.95278,0.42350316,1539.529
57943,47.796667,-103.57861,0.43922618,1534.05
57978,38.088056,-121.3875,0.21093976,1761.966
58001,31.055833,-97.317222,0.33758995,1562.905
58005,33.582573,-96.617893,0.4362584,1586.646
58054,44.471944,-71.175278,0.19073597,1349.599
58079,40.707222,-74.125833,0.26429394,1438.354
58122,35.790864,-119.294469,0.056184396,1811.275
58235,39.424444,-75.02,0.31314063,1485.106
58236,42.043333,-92.872778,0.38205788,1470.862
58260,36.765,-77.713889,0.21569619,1522.362
58284,34.616111,-106.815,0.17354575,1936.921
58325,36.813889,-97.125278,0.45212018,1612.944
58378,29.475278,-95.634167,0.29905564,1494.603
58420,41.7675,-76.39,0.21548498,1318.918
58426,41.180833,-76.839167,0.18210089,1326.953
58427,42.719722,-84.551667,0.284552,1343.755
58471,32.069167,-102.585556,0.36278954,1837.208
58478,29.691111,-91.192778,0.27406275,1560.713
58503,45.698611,-119.813056,0.3398225,1531.493
58562,31.823889,-106.211944,0.20656699,1985.864
58933,40.671667,-80.336389,0.21721834,1293.35
59004,39.058056,-77.545,0.2926256,1451.504
59093,42.7925,-86.092222,0.33110014,1326.953
59220,39.719364,-76.161625,0.30691004,1442.007
59325,35.2025,-81.363056,0.2912125,1562.174
59326,39.465,-84.347778,0.28897,1398.908
59764,41.667928,-83.443664,0.37421572,1374.801
59773,40.60441,-81.05918,0.3471125,1320.379
59812,32.337679,-97.734612,0.35293627,1604.909
59882,42.137218,-71.4447,0.25122193,1440.911
59906,41.113056,-76.158056,0.1819827,1340.468
59913,36.718236,-77.649559,0.20657317,1519.075
59926,45.063748,-84.825348,0.40258196,1302.482
60122,29.289415,-96.065399,0.33234546,1498.621
60264,29.49233,-94.98483,0.3426957,1519.805
60302,38.695519,-76.827785,0.28307843,1479.263
60345,27.634167,-80.791111,0.18955132,1602.352
60356,40.63534,-80.678245,0.26633775,1319.648
60357,41.471389,-75.544167,0.23646861,1322.205
60368,40.839014,-76.825517,0.24748562,1347.772
60376,41.14889,-80.85162,0.34374148,1309.421
60387,41.774417,-89.606528,0.40752837,1430.684
60459,28.64807,-96.54621,0.39335588,1532.954
60460,29.883214,-95.111345,0.23698948,1500.447
60464,40.175249,-79.696665,0.40546867,1315.63
60468,29.647267,-95.451516,0.19236818,1504.83
60589,40.412,-78.855,0.23064154,1297.733
60698,33.806801,-117.985758,0.04134967,1795.934
60903,42.525486,-70.878239,0.363405,1448.216
60925,30.44083,-95.5275,0.31904933,1499.351
60926,30.01,-90.460833,0.2197474,1547.93
60927,30.27099,-93.28861,0.23783757,1509.578
61028,40.994444,-80.43,0.3400261,1299.56
61035,40.268522,-75.799669,0.19642171,1401.83
61144,44.574965,-96.55942,0.508665,1521.266
61241,28.7853,-97.0093,0.28064167,1496.794
61242,28.69637,-96.9453,0.30586576,1503.004
61322,39.70257,-80.84552,0.15788916,1323.666
61966,28.698477,-96.946125,0.30366367,1503.004
62192,42.773716,-82.479331,0.37653437,1344.12
62548,29.88193,-95.11148,0.23698948,1500.447
62565,39.894212,-79.938201,0.27699485,1320.014
62926,41.438536,-88.110626,0.37570593,1415.709
62949,39.9364,-81.5354,0.28309417,1347.772
63259,42.690644,-84.657783,0.39611506,1336.45
63335,29.64536,-95.45169,0.19051196,1504.83
63688,29.426389,-94.976667,0.3174547,1520.17
63931,41.372222,-88.284444,0.37003934,1399.638
64383,29.480277,-95.620277,0.28436399,1495.334
65372,29.227109,-95.430756,0.31220984,1496.064
65373,29.364128,-95.435068,0.32929286,1499.351
